Workbook

Sheet 2023 SP 79
A1: ACARA | B1: FROM DATE | C1: TO DATE | D1: DEPT | E1: WORLD | F1: DIVISION | G1: CLASS | H1: SUPPLIER | I1: BRAND | J1: SKU | K1: ARTICLE | L1: DESCRIPTION | M1: HARGA NORMAL | N1: DISKON | O1: HARGA PROMO | P1: DISCOUNT TYPE
A2: 2023 All item SP 79 | B2: 2026-03-20 | C2: 2026-04-01 | D2: 3328 | E2: 347 | F2: 5 | G2: 7 | I2: SUKO | J2: 80744843 | K2: R1D02351 | L2: GAUN WAFFLE LS KNIT DRESS KERAH BULAT LENGAN PANJANG R1D02351:MISTY LIGHT GREY:S:SOLID:GAUN WAFFLE | M2: 349900 | N2: SP | O2: 79000 | P2: SPECIAL PRICE
A3: 2023 All item SP 79 | B3: =$B$2 -> 2026-03-20 | C3: =$C$2 -> 2026-04-01 | D3: 3328 | E3: 347 | F3: 5 | G3: 7 | I3: SUKO | J3: 80744852 | K3: R1D02351 | L3: GAUN WAFFLE LS KNIT DRESS KERAH BULAT LENGAN PANJANG R1D02351:MISTY LIGHT GREY:M:SOLID:GAUN WAFFLE | M3: 349900 | N3: SP | O3: 79000 | P3: SPECIAL PRICE
A4: 2023 All item SP 79 | B4: =$B$2 -> 2026-03-20 | C4: =$C$2 -> 2026-04-01 | D4: 3328 | E4: 347 | F4: 5 | G4: 7 | I4: SUKO | J4: 80744870 | K4: R1D02351 | L4: GAUN WAFFLE LS KNIT DRESS KERAH BULAT LENGAN PANJANG R1D02351:MISTY LIGHT GREY:XL:SOLID:GAUN WAFFLE | M4: 349900 | N4: SP | O4: 79000 | P4: SPECIAL PRICE
A5: 2023 All item SP 79 | B5: =$B$2 -> 2026-03-20 | C5: =$C$2 -> 2026-04-01 | D5: 3328 | E5: 347 | F5: 5 | G5: 7 | I5: SUKO | J5: 80744889 | K5: R1D02351 | L5: GAUN WAFFLE LS KNIT DRESS KERAH BULAT LENGAN PANJANG R1D02351:NAVY BLUE:S:SOLID:GAUN WAFFLE | M5: 349900 | N5: SP | O5: 79000 | P5: SPECIAL PRICE
A6: 2023 All item SP 79 | B6: =$B$2 -> 2026-03-20 | C6: =$C$2 -> 2026-04-01 | D6: 3328 | E6: 347 | F6: 5 | G6: 7 | I6: SUKO | J6: 80744898 | K6: R1D02351 | L6: GAUN WAFFLE LS KNIT DRESS KERAH BULAT LENGAN PANJANG R1D02351:NAVY BLUE:M:SOLID:GAUN WAFFLE | M6: 349900 | N6: SP | O6: 79000 | P6: SPECIAL PRICE
A7: 2023 All item SP 79 | B7: =$B$2 -> 2026-03-20 | C7: =$C$2 -> 2026-04-01 | D7: 3328 | E7: 347 | F7: 5 | G7: 7 | I7: SUKO | J7: 80744914 | K7: R1D02351 | L7: GAUN WAFFLE LS KNIT DRESS KERAH BULAT LENGAN PANJANG R1D02351:NAVY BLUE:XL:SOLID:GAUN WAFFLE | M7: 349900 | N7: SP | O7: 79000 | P7: SPECIAL PRICE
A8: 2023 All item SP 79 | B8: =$B$2 -> 2026-03-20 | C8: =$C$2 -> 2026-04-01 | D8: 3328 | E8: 347 | F8: 5 | G8: 1 | I8: SUKO | J8: 80859694 | K8: T4KT5352 | L8: 3/4 OVERSIZED T-SHIRT STRIPED GARIS LENGAN 3/4 T4KT5352:MAROON:S:STRIPES:3/4 OVERSIZED T-SHIRT | M8: 249900 | N8: SP | O8: 79000 | P8: SPECIAL PRICE
A9: 2023 All item SP 79 | B9: =$B$2 -> 2026-03-20 | C9: =$C$2 -> 2026-04-01 | D9: 3328 | E9: 347 | F9: 5 | G9: 1 | I9: SUKO | J9: 80859701 | K9: T4KT5352 | L9: 3/4 OVERSIZED T-SHIRT STRIPED GARIS LENGAN 3/4 T4KT5352:MAROON:M:STRIPES:3/4 OVERSIZED T-SHIRT | M9: 249900 | N9: SP | O9: 79000 | P9: SPECIAL PRICE
A10: 2023 All item SP 79 | B10: =$B$2 -> 2026-03-20 | C10: =$C$2 -> 2026-04-01 | D10: 3328 | E10: 347 | F10: 5 | G10: 1 | I10: SUKO | J10: 80859710 | K10: T4KT5352 | L10: 3/4 OVERSIZED T-SHIRT STRIPED GARIS LENGAN 3/4 T4KT5352:MAROON:L:STRIPES:3/4 OVERSIZED T-SHIRT | M10: 249900 | N10: SP | O10: 79000 | P10: SPECIAL PRICE
A11: 2023 All item SP 79 | B11: =$B$2 -> 2026-03-20 | C11: =$C$2 -> 2026-04-01 | D11: 3328 | E11: 347 | F11: 5 | G11: 1 | I11: SUKO | J11: 80968067 | K11: T4KT5352 | L11: 3/4 OVERSIZED T-SHIRT STRIPED GARIS LENGAN 3/4 T4KT5352:MAROON:XL:STRIPES:3/4 OVERSIZED T-SHIRT | M11: 249900 | N11: SP | O11: 79000 | P11: SPECIAL PRICE
A12: 2023 All item SP 79 | B12: =$B$2 -> 2026-03-20 | C12: =$C$2 -> 2026-04-01 | D12: 3328 | E12: 347 | F12: 5 | G12: 1 | I12: SUKO | J12: 80859658 | K12: T4KT5352 | L12: 3/4 OVERSIZED T-SHIRT STRIPED GARIS LENGAN 3/4 T4KT5352:NAVY BLUE:S:STRIPES:3/4 OVERSIZED T-SHIRT | M12: 249900 | N12: SP | O12: 79000 | P12: SPECIAL PRICE
A13: 2023 All item SP 79 | B13: =$B$2 -> 2026-03-20 | C13: =$C$2 -> 2026-04-01 | D13: 3328 | E13: 347 | F13: 5 | G13: 1 | I13: SUKO | J13: 80859667 | K13: T4KT5352 | L13: 3/4 OVERSIZED T-SHIRT STRIPED GARIS LENGAN 3/4 T4KT5352:NAVY BLUE:M:STRIPES:3/4 OVERSIZED T-SHIRT | M13: 249900 | N13: SP | O13: 79000 | P13: SPECIAL PRICE
A14: 2023 All item SP 79 | B14: =$B$2 -> 2026-03-20 | C14: =$C$2 -> 2026-04-01 | D14: 3328 | E14: 347 | F14: 5 | G14: 1 | I14: SUKO | J14: 80859676 | K14: T4KT5352 | L14: 3/4 OVERSIZED T-SHIRT STRIPED GARIS LENGAN 3/4 T4KT5352:NAVY BLUE:L:STRIPES:3/4 OVERSIZED T-SHIRT | M14: 249900 | N14: SP | O14: 79000 | P14: SPECIAL PRICE
... A131: 2023 All item SP 79 | B131: =$B$2 -> 2026-03-20 | C131: =$C$2 -> 2026-04-01 | D131: 3328 | E131: 347 | F131: 5 | G131: 7 | I131: SUKO | J131: 13472487 | K131: R1KL43J1 | L131: GAUN HOODIE KNIT 3/4 SLEEVE PLAIN JERSEY ASYMMETRIC LENGTH LENGAN 3/4 R1KL43J1:DUSTY PINK:L/XL:SOLID | M131: 299900 | N131: SP | O131: 79000 | P131: SPECIAL PRICE
A132: 2023 All item SP 79 | B132: ='2023 SP 79'!$B$2 -> 2026-03-20 | C132: ='2023 SP 79'!$C$2 -> 2026-04-01 | D132: 3328 | E132: 347 | F132: 5 | G132: 1 | I132: SUKO | J132: 13472941 | K132: T2DN23J1 | L132: T-SHIRT DROP NEEDLE TEE LS KNIT TOP LS KERAH BULAT LENGAN PANJANG T2DN23J1:TAUPE GREY:S:SOLID:T-SHIR | M132: 149900 | N132: SP | O132: 79000 | P132: SPECIAL PRICE
A133: 2023 All item SP 79 | B133: ='2023 SP 79'!$B$2 -> 2026-03-20 | C133: ='2023 SP 79'!$C$2 -> 2026-04-01 | D133: 3328 | E133: 347 | F133: 5 | G133: 1 | I133: SUKO | J133: 13472950 | K133: T2DN23J1 | L133: T-SHIRT DROP NEEDLE TEE LS KNIT TOP LS KERAH BULAT LENGAN PANJANG T2DN23J1:TAUPE GREY:M:SOLID:T-SHIR | M133: 149900 | N133: SP | O133: 79000 | P133: SPECIAL PRICE
A134: 2023 All item SP 79 | B134: ='2023 SP 79'!$B$2 -> 2026-03-20 | C134: ='2023 SP 79'!$C$2 -> 2026-04-01 | D134: 3328 | E134: 347 | F134: 5 | G134: 1 | I134: SUKO | J134: 13472969 | K134: T2DN23J1 | L134: T-SHIRT DROP NEEDLE TEE LS KNIT TOP LS KERAH BULAT LENGAN PANJANG T2DN23J1:TAUPE GREY:L:SOLID:T-SHIR | M134: 149900 | N134: SP | O134: 79000 | P134: SPECIAL PRICE
A135: 2023 All item SP 79 | B135: ='2023 SP 79'!$B$2 -> 2026-03-20 | C135: ='2023 SP 79'!$C$2 -> 2026-04-01 | D135: 3328 | E135: 347 | F135: 5 | G135: 1 | I135: SUKO | J135: 13472978 | K135: T2DN23J1 | L135: T-SHIRT DROP NEEDLE TEE LS KNIT TOP LS KERAH BULAT LENGAN PANJANG T2DN23J1:TAUPE GREY:XL:SOLID:T-SHI | M135: 149900 | N135: SP | O135: 79000 | P135: SPECIAL PRICE
A136: 2023 All item SP 79 | B136: ='2023 SP 79'!$B$2 -> 2026-03-20 | C136: ='2023 SP 79'!$C$2 -> 2026-04-01 | D136: 3328 | E136: 347 | F136: 5 | G136: 5 | I136: SUKO | J136: 80745128 | K136: W2B05353 | L136: CELANA ANKLE RELAX ANKLE PANTS W2B05353:NAVY BLUE:S:SOLID:CELANA ANKLE RELAX | M136: 249900 | N136: SP | O136: 79000 | P136: SPECIAL PRICE
A137: 2023 All item SP 79 | B137: ='2023 SP 79'!$B$2 -> 2026-03-20 | C137: ='2023 SP 79'!$C$2 -> 2026-04-01 | D137: 3328 | E137: 347 | F137: 5 | G137: 5 | I137: SUKO | J137: 80745137 | K137: W2B05353 | L137: CELANA ANKLE RELAX ANKLE PANTS W2B05353:NAVY BLUE:M:SOLID:CELANA ANKLE RELAX | M137: 249900 | N137: SP | O137: 79000 | P137: SPECIAL PRICE
A138: 2023 All item SP 79 | B138: ='2023 SP 79'!$B$2 -> 2026-03-20 | C138: ='2023 SP 79'!$C$2 -> 2026-04-01 | D138: 3328 | E138: 347 | F138: 5 | G138: 5 | I138: SUKO | J138: 80745146 | K138: W2B05353 | L138: CELANA ANKLE RELAX ANKLE PANTS W2B05353:NAVY BLUE:L:SOLID:CELANA ANKLE RELAX | M138: 249900 | N138: SP | O138: 79000 | P138: SPECIAL PRICE
A139: 2023 All item SP 79 | B139: ='2023 SP 79'!$B$2 -> 2026-03-20 | C139: ='2023 SP 79'!$C$2 -> 2026-04-01 | D139: 3328 | E139: 347 | F139: 5 | G139: 5 | I139: SUKO | J139: 80745155 | K139: W2B05353 | L139: CELANA ANKLE RELAX ANKLE PANTS W2B05353:NAVY BLUE:XL:SOLID:CELANA ANKLE RELAX | M139: 249900 | N139: SP | O139: 79000 | P139: SPECIAL PRICE

Sheet 2024 H1 SP 79
A1: ACARA | B1: FROM DATE | C1: TO DATE | D1: DEPT | E1: WORLD | F1: DIVISION | G1: CLASS | H1: SUPPLIER | I1: BRAND | J1: SKU | K1: ARTICLE | L1: DESCRIPTION | M1: HARGA NORMAL | N1: DISKON | O1: HARGA PROMO | P1: DISCOUNT TYPE
A2: 2024 H1 ALL ITEM SP 79 | B2: ='2023 SP 79'!$B$2 -> 2026-03-20 | C2: ='2023 SP 79'!$C$2 -> 2026-04-01 | D2: 3328 | E2: 347 | F2: 5 | G2: 5 | I2: SUKO | J2: 18738066 | K2: W2L294D1 | L2: CELANA PARASUT PANJANG WOVEN BOTTOM PANTS W2L294D1:FROST GREY:S:SOLID:CELANA PARASUT PANJANG | M2: 299900 | N2: SP | O2: 79000 | P2: SPECIAL PRICE
A3: 2024 H1 ALL ITEM SP 79 | B3: ='2023 SP 79'!$B$2 -> 2026-03-20 | C3: ='2023 SP 79'!$C$2 -> 2026-04-01 | D3: 3328 | E3: 347 | F3: 5 | G3: 5 | I3: SUKO | J3: 18738075 | K3: W2L294D1 | L3: CELANA PARASUT PANJANG WOVEN BOTTOM PANTS W2L294D1:FROST GREY:M:SOLID:CELANA PARASUT PANJANG | M3: 299900 | N3: SP | O3: 79000 | P3: SPECIAL PRICE
A4: 2024 H1 ALL ITEM SP 79 | B4: ='2023 SP 79'!$B$2 -> 2026-03-20 | C4: ='2023 SP 79'!$C$2 -> 2026-04-01 | D4: 3328 | E4: 347 | F4: 5 | G4: 5 | I4: SUKO | J4: 18738084 | K4: W2L294D1 | L4: CELANA PARASUT PANJANG WOVEN BOTTOM PANTS W2L294D1:FROST GREY:L:SOLID:CELANA PARASUT PANJANG | M4: 299900 | N4: SP | O4: 79000 | P4: SPECIAL PRICE
A5: 2024 H1 ALL ITEM SP 79 | B5: ='2023 SP 79'!$B$2 -> 2026-03-20 | C5: ='2023 SP 79'!$C$2 -> 2026-04-01 | D5: 3328 | E5: 347 | F5: 5 | G5: 5 | I5: SUKO | J5: 18738093 | K5: W2L294D1 | L5: CELANA PARASUT PANJANG WOVEN BOTTOM PANTS W2L294D1:FROST GREY:XL:SOLID:CELANA PARASUT PANJANG | M5: 299900 | N5: SP | O5: 79000 | P5: SPECIAL PRICE
A6: 2024 H1 ALL ITEM SP 79 | B6: ='2023 SP 79'!$B$2 -> 2026-03-20 | C6: ='2023 SP 79'!$C$2 -> 2026-04-01 | D6: 3328 | E6: 347 | F6: 5 | G6: 5 | I6: SUKO | J6: 18737889 | K6: W2L294D1 | L6: CELANA PARASUT PANJANG WOVEN BOTTOM PANTS W2L294D1:OLIVE:S:SOLID:CELANA PARASUT PANJANG | M6: 299900 | N6: SP | O6: 79000 | P6: SPECIAL PRICE
A7: 2024 H1 ALL ITEM SP 79 | B7: ='2023 SP 79'!$B$2 -> 2026-03-20 | C7: ='2023 SP 79'!$C$2 -> 2026-04-01 | D7: 3328 | E7: 347 | F7: 5 | G7: 5 | I7: SUKO | J7: 18737898 | K7: W2L294D1 | L7: CELANA PARASUT PANJANG WOVEN BOTTOM PANTS W2L294D1:OLIVE:M:SOLID:CELANA PARASUT PANJANG | M7: 299900 | N7: SP | O7: 79000 | P7: SPECIAL PRICE
A8: 2024 H1 ALL ITEM SP 79 | B8: ='2023 SP 79'!$B$2 -> 2026-03-20 | C8: ='2023 SP 79'!$C$2 -> 2026-04-01 | D8: 3328 | E8: 347 | F8: 5 | G8: 5 | I8: SUKO | J8: 18737905 | K8: W2L294D1 | L8: CELANA PARASUT PANJANG WOVEN BOTTOM PANTS W2L294D1:OLIVE:L:SOLID:CELANA PARASUT PANJANG | M8: 299900 | N8: SP | O8: 79000 | P8: SPECIAL PRICE
A9: 2024 H1 ALL ITEM SP 79 | B9: ='2023 SP 79'!$B$2 -> 2026-03-20 | C9: ='2023 SP 79'!$C$2 -> 2026-04-01 | D9: 3328 | E9: 347 | F9: 5 | G9: 5 | I9: SUKO | J9: 18737914 | K9: W2L294D1 | L9: CELANA PARASUT PANJANG WOVEN BOTTOM PANTS W2L294D1:OLIVE:XL:SOLID:CELANA PARASUT PANJANG | M9: 299900 | N9: SP | O9: 79000 | P9: SPECIAL PRICE
A10: 2024 H1 ALL ITEM SP 79 | B10: ='2023 SP 79'!$B$2 -> 2026-03-20 | C10: ='2023 SP 79'!$C$2 -> 2026-04-01 | D10: 3328 | E10: 347 | F10: 5 | G10: 5 | I10: SUKO | J10: 18737923 | K10: W2L294D1 | L10: CELANA PARASUT PANJANG WOVEN BOTTOM PANTS W2L294D1:WOOD BROWN:S:SOLID:CELANA PARASUT PANJANG | M10: 299900 | N10: SP | O10: 79000 | P10: SPECIAL PRICE
A11: 2024 H1 ALL ITEM SP 79 | B11: ='2023 SP 79'!$B$2 -> 2026-03-20 | C11: ='2023 SP 79'!$C$2 -> 2026-04-01 | D11: 3328 | E11: 347 | F11: 5 | G11: 5 | I11: SUKO | J11: 18737941 | K11: W2L294D1 | L11: CELANA PARASUT PANJANG WOVEN BOTTOM PANTS W2L294D1:WOOD BROWN:M:SOLID:CELANA PARASUT PANJANG | M11: 299900 | N11: SP | O11: 79000 | P11: SPECIAL PRICE
A12: 2024 H1 ALL ITEM SP 79 | B12: ='2023 SP 79'!$B$2 -> 2026-03-20 | C12: ='2023 SP 79'!$C$2 -> 2026-04-01 | D12: 3328 | E12: 347 | F12: 5 | G12: 5 | I12: SUKO | J12: 18737950 | K12: W2L294D1 | L12: CELANA PARASUT PANJANG WOVEN BOTTOM PANTS W2L294D1:WOOD BROWN:L:SOLID:CELANA PARASUT PANJANG | M12: 299900 | N12: SP | O12: 79000 | P12: SPECIAL PRICE
A13: 2024 H1 ALL ITEM SP 79 | B13: ='2023 SP 79'!$B$2 -> 2026-03-20 | C13: ='2023 SP 79'!$C$2 -> 2026-04-01 | D13: 3328 | E13: 347 | F13: 5 | G13: 5 | I13: SUKO | J13: 18737969 | K13: W2L294D1 | L13: CELANA PARASUT PANJANG WOVEN BOTTOM PANTS W2L294D1:WOOD BROWN:XL:SOLID:CELANA PARASUT PANJANG | M13: 299900 | N13: SP | O13: 79000 | P13: SPECIAL PRICE
... A149: 2024 H1 ALL ITEM SP 79 | B149: ='2023 SP 79'!$B$2 -> 2026-03-20 | C149: ='2023 SP 79'!$C$2 -> 2026-04-01 | D149: 3328 | E149: 347 | F149: 5 | G149: 1 | I149: SUKO | J149: 13472932 | K149: T2DN23J1 | L149: T-SHIRT DROP NEEDLE TEE LS KNIT TOP LS KERAH BULAT LENGAN PANJANG T2DN23J1:DUSTY PINK:XL:SOLID:T-SHI | M149: 149900 | N149: SP | O149: 79000 | P149: SPECIAL PRICE

Sheet 2024 H2 SP 79
A1: ACARA | B1: FROM DATE | C1: TO DATE | D1: DEPT | E1: WORLD | F1: DIVISION | G1: CLASS | H1: SUPPLIER | I1: BRAND | J1: SKU | K1: ARTICLE | L1: DESCRIPTION | M1: HARGA NORMAL | N1: DISKON | O1: HARGA PROMO | P1: DISCOUNT TYPE
A2: 2024 H2 Knit Top dan KI SP 79 | B2: ='2023 SP 79'!$B$2 -> 2026-03-20 | C2: ='2023 SP 79'!$C$2 -> 2026-04-01 | D2: 3328 | E2: 347 | F2: 5 | G2: 1 | I2: SUKO | J2: 45424246 | K2: T4L3B4J1 | L2: T-SHIRT OVERSIZED GRAPHIC POCKET PRINT KERAH BULAT LENGAN PENDEK T4L3B4J1:KHAKI:S:GRAPHIC:T-SHIRT OV | M2: 159900 | N2: SP | O2: 79000 | P2: SPECIAL PRICE
A3: 2024 H2 Knit Top dan KI SP 79 | B3: ='2023 SP 79'!$B$2 -> 2026-03-20 | C3: ='2023 SP 79'!$C$2 -> 2026-04-01 | D3: 3328 | E3: 347 | F3: 5 | G3: 1 | I3: SUKO | J3: 45424255 | K3: T4L3B4J1 | L3: T-SHIRT OVERSIZED GRAPHIC POCKET PRINT KERAH BULAT LENGAN PENDEK T4L3B4J1:KHAKI:M:GRAPHIC:T-SHIRT OV | M3: 159900 | N3: SP | O3: 79000 | P3: SPECIAL PRICE
A4: 2024 H2 Knit Top dan KI SP 79 | B4: ='2023 SP 79'!$B$2 -> 2026-03-20 | C4: ='2023 SP 79'!$C$2 -> 2026-04-01 | D4: 3328 | E4: 347 | F4: 5 | G4: 1 | I4: SUKO | J4: 45424264 | K4: T4L3B4J1 | L4: T-SHIRT OVERSIZED GRAPHIC POCKET PRINT KERAH BULAT LENGAN PENDEK T4L3B4J1:KHAKI:L:GRAPHIC:T-SHIRT OV | M4: 159900 | N4: SP | O4: 79000 | P4: SPECIAL PRICE
A5: 2024 H2 Knit Top dan KI SP 79 | B5: ='2023 SP 79'!$B$2 -> 2026-03-20 | C5: ='2023 SP 79'!$C$2 -> 2026-04-01 | D5: 3328 | E5: 347 | F5: 5 | G5: 1 | I5: SUKO | J5: 45424273 | K5: T4L3B4J1 | L5: T-SHIRT OVERSIZED GRAPHIC POCKET PRINT KERAH BULAT LENGAN PENDEK T4L3B4J1:KHAKI:XL:GRAPHIC:T-SHIRT O | M5: 159900 | N5: SP | O5: 79000 | P5: SPECIAL PRICE
A6: 2024 H2 Knit Top dan KI SP 79 | B6: ='2023 SP 79'!$B$2 -> 2026-03-20 | C6: ='2023 SP 79'!$C$2 -> 2026-04-01 | D6: 3328 | E6: 347 | F6: 5 | G6: 1 | I6: SUKO | J6: 45424200 | K6: T4L3A4J1 | L6: T-SHIRT OVERSIZED GRAPHIC PRINT KERAH BULAT LENGAN PENDEK T4L3A4J1:JADE:S:GRAPHIC:T-SHIRT OVERSIZED | M6: 159900 | N6: SP | O6: 79000 | P6: SPECIAL PRICE
A7: 2024 H2 Knit Top dan KI SP 79 | B7: ='2023 SP 79'!$B$2 -> 2026-03-20 | C7: ='2023 SP 79'!$C$2 -> 2026-04-01 | D7: 3328 | E7: 347 | F7: 5 | G7: 1 | I7: SUKO | J7: 45424219 | K7: T4L3A4J1 | L7: T-SHIRT OVERSIZED GRAPHIC PRINT KERAH BULAT LENGAN PENDEK T4L3A4J1:JADE:M:GRAPHIC:T-SHIRT OVERSIZED | M7: 159900 | N7: SP | O7: 79000 | P7: SPECIAL PRICE
A8: 2024 H2 Knit Top dan KI SP 79 | B8: ='2023 SP 79'!$B$2 -> 2026-03-20 | C8: ='2023 SP 79'!$C$2 -> 2026-04-01 | D8: 3328 | E8: 347 | F8: 5 | G8: 1 | I8: SUKO | J8: 45424228 | K8: T4L3A4J1 | L8: T-SHIRT OVERSIZED GRAPHIC PRINT KERAH BULAT LENGAN PENDEK T4L3A4J1:JADE:L:GRAPHIC:T-SHIRT OVERSIZED | M8: 159900 | N8: SP | O8: 79000 | P8: SPECIAL PRICE
A9: 2024 H2 Knit Top dan KI SP 79 | B9: ='2023 SP 79'!$B$2 -> 2026-03-20 | C9: ='2023 SP 79'!$C$2 -> 2026-04-01 | D9: 3328 | E9: 347 | F9: 5 | G9: 1 | I9: SUKO | J9: 45424237 | K9: T4L3A4J1 | L9: T-SHIRT OVERSIZED GRAPHIC PRINT KERAH BULAT LENGAN PENDEK T4L3A4J1:JADE:XL:GRAPHIC:T-SHIRT OVERSIZED | M9: 159900 | N9: SP | O9: 79000 | P9: SPECIAL PRICE
A10: 2024 H2 Knit Top dan KI SP 79 | B10: ='2023 SP 79'!$B$2 -> 2026-03-20 | C10: ='2023 SP 79'!$C$2 -> 2026-04-01 | D10: 3328 | E10: 347 | F10: 5 | G10: 1 | I10: SUKO | J10: 45424282 | K10: T4L3A4J1 | L10: T-SHIRT OVERSIZED GRAPHIC PRINT KERAH BULAT LENGAN PENDEK T4L3A4J1:GOLDEN BROWN:S:GRAPHIC:T-SHIRT OV | M10: 159900 | N10: SP | O10: 79000 | P10: SPECIAL PRICE
A11: 2024 H2 Knit Top dan KI SP 79 | B11: ='2023 SP 79'!$B$2 -> 2026-03-20 | C11: ='2023 SP 79'!$C$2 -> 2026-04-01 | D11: 3328 | E11: 347 | F11: 5 | G11: 1 | I11: SUKO | J11: 45424291 | K11: T4L3A4J1 | L11: T-SHIRT OVERSIZED GRAPHIC PRINT KERAH BULAT LENGAN PENDEK T4L3A4J1:GOLDEN BROWN:M:GRAPHIC:T-SHIRT OV | M11: 159900 | N11: SP | O11: 79000 | P11: SPECIAL PRICE
A12: 2024 H2 Knit Top dan KI SP 79 | B12: ='2023 SP 79'!$B$2 -> 2026-03-20 | C12: ='2023 SP 79'!$C$2 -> 2026-04-01 | D12: 3328 | E12: 347 | F12: 5 | G12: 1 | I12: SUKO | J12: 45424308 | K12: T4L3A4J1 | L12: T-SHIRT OVERSIZED GRAPHIC PRINT KERAH BULAT LENGAN PENDEK T4L3A4J1:GOLDEN BROWN:L:GRAPHIC:T-SHIRT OV | M12: 159900 | N12: SP | O12: 79000 | P12: SPECIAL PRICE
A13: 2024 H2 Knit Top dan KI SP 79 | B13: ='2023 SP 79'!$B$2 -> 2026-03-20 | C13: ='2023 SP 79'!$C$2 -> 2026-04-01 | D13: 3328 | E13: 347 | F13: 5 | G13: 1 | I13: SUKO | J13: 45424317 | K13: T4L3A4J1 | L13: T-SHIRT OVERSIZED GRAPHIC PRINT KERAH BULAT LENGAN PENDEK T4L3A4J1:GOLDEN BROWN:XL:GRAPHIC:T-SHIRT O | M13: 159900 | N13: SP | O13: 79000 | P13: SPECIAL PRICE
... A55: 2024 H2 Knit Top dan KI SP 79 | B55: ='2023 SP 79'!$B$2 -> 2026-03-20 | C55: ='2023 SP 79'!$C$2 -> 2026-04-01 | D55: 3328 | E55: 347 | F55: 5 | G55: 8 | I55: SUKO | J55: 80744512 | K55: T2KT7351 | L55: T-SHIRT WAFFLE L/S KERAH BULAT LENGAN PANJANG T2KT7351:MISTY LIGHT GREY:XL:SOLID:T-SHIRT WAFFLE | M55: 169900 | N55: SP | O55: 79000 | P55: SPECIAL PRICE

Sheet 2024 H2 SP99
A1: ACARA | B1: FROM DATE | C1: TO DATE | D1: DEPT | E1: WORLD | F1: DIVISION | G1: CLASS | H1: SUPPLIER | I1: BRAND | J1: SKU | K1: ARTICLE | L1: DESCRIPTION | M1: HARGA NORMAL | N1: DISKON | O1: HARGA PROMO | P1: DISCOUNT TYPE
A2: 2024 H2 Woven Top, Outerwear, Woven Bottom, Dress SP 99 | B2: ='2023 SP 79'!$B$2 -> 2026-03-20 | C2: ='2023 SP 79'!$C$2 -> 2026-04-01 | D2: 3328 | E2: 347 | F2: 5 | G2: 2 | I2: SUKO | J2: 45337279 | K2: S3L474J1 | L2: BLUES LINEN BLEND VOLUME SS LENGAN PENDEK S3L474J1:PASTEL BLUE:S:SOLID:BLUES LINEN | M2: 249900 | N2: SP | O2: 99000 | P2: SPECIAL PRICE
A3: 2024 H2 Woven Top, Outerwear, Woven Bottom, Dress SP 99 | B3: ='2023 SP 79'!$B$2 -> 2026-03-20 | C3: ='2023 SP 79'!$C$2 -> 2026-04-01 | D3: 3328 | E3: 347 | F3: 5 | G3: 2 | I3: SUKO | J3: 45337288 | K3: S3L474J1 | L3: BLUES LINEN BLEND VOLUME SS LENGAN PENDEK S3L474J1:PASTEL BLUE:M:SOLID:BLUES LINEN | M3: 249900 | N3: SP | O3: 99000 | P3: SPECIAL PRICE
A4: 2024 H2 Woven Top, Outerwear, Woven Bottom, Dress SP 99 | B4: ='2023 SP 79'!$B$2 -> 2026-03-20 | C4: ='2023 SP 79'!$C$2 -> 2026-04-01 | D4: 3328 | E4: 347 | F4: 5 | G4: 2 | I4: SUKO | J4: 45337297 | K4: S3L474J1 | L4: BLUES LINEN BLEND VOLUME SS LENGAN PENDEK S3L474J1:PASTEL BLUE:L:SOLID:BLUES LINEN | M4: 249900 | N4: SP | O4: 99000 | P4: SPECIAL PRICE
A5: 2024 H2 Woven Top, Outerwear, Woven Bottom, Dress SP 99 | B5: ='2023 SP 79'!$B$2 -> 2026-03-20 | C5: ='2023 SP 79'!$C$2 -> 2026-04-01 | D5: 3328 | E5: 347 | F5: 5 | G5: 2 | I5: SUKO | J5: 45337304 | K5: S3L474J1 | L5: BLUES LINEN BLEND VOLUME SS LENGAN PENDEK S3L474J1:PASTEL BLUE:XL:SOLID:BLUES LINEN | M5: 249900 | N5: SP | O5: 99000 | P5: SPECIAL PRICE
A6: 2024 H2 Woven Top, Outerwear, Woven Bottom, Dress SP 99 | B6: ='2023 SP 79'!$B$2 -> 2026-03-20 | C6: ='2023 SP 79'!$C$2 -> 2026-04-01 | D6: 3328 | E6: 347 | F6: 5 | G6: 2 | I6: SUKO | J6: 45337233 | K6: S3L474J1 | L6: BLUES LINEN BLEND VOLUME SS LENGAN PENDEK S3L474J1:VANILLA:S:SOLID:BLUES LINEN | M6: 249900 | N6: SP | O6: 99000 | P6: SPECIAL PRICE
A7: 2024 H2 Woven Top, Outerwear, Woven Bottom, Dress SP 99 | B7: ='2023 SP 79'!$B$2 -> 2026-03-20 | C7: ='2023 SP 79'!$C$2 -> 2026-04-01 | D7: 3328 | E7: 347 | F7: 5 | G7: 2 | I7: SUKO | J7: 45337242 | K7: S3L474J1 | L7: BLUES LINEN BLEND VOLUME SS LENGAN PENDEK S3L474J1:VANILLA:M:SOLID:BLUES LINEN | M7: 249900 | N7: SP | O7: 99000 | P7: SPECIAL PRICE
A8: 2024 H2 Woven Top, Outerwear, Woven Bottom, Dress SP 99 | B8: ='2023 SP 79'!$B$2 -> 2026-03-20 | C8: ='2023 SP 79'!$C$2 -> 2026-04-01 | D8: 3328 | E8: 347 | F8: 5 | G8: 2 | I8: SUKO | J8: 45337251 | K8: S3L474J1 | L8: BLUES LINEN BLEND VOLUME SS LENGAN PENDEK S3L474J1:VANILLA:L:SOLID:BLUES LINEN | M8: 249900 | N8: SP | O8: 99000 | P8: SPECIAL PRICE
A9: 2024 H2 Woven Top, Outerwear, Woven Bottom, Dress SP 99 | B9: ='2023 SP 79'!$B$2 -> 2026-03-20 | C9: ='2023 SP 79'!$C$2 -> 2026-04-01 | D9: 3328 | E9: 347 | F9: 5 | G9: 2 | I9: SUKO | J9: 45337260 | K9: S3L474J1 | L9: BLUES LINEN BLEND VOLUME SS LENGAN PENDEK S3L474J1:VANILLA:XL:SOLID:BLUES LINEN | M9: 249900 | N9: SP | O9: 99000 | P9: SPECIAL PRICE
A10: 2024 H2 Woven Top, Outerwear, Woven Bottom, Dress SP 99 | B10: ='2023 SP 79'!$B$2 -> 2026-03-20 | C10: ='2023 SP 79'!$C$2 -> 2026-04-01 | D10: 3328 | E10: 347 | F10: 5 | G10: 2 | I10: SUKO | J10: 45337199 | K10: S3L474J1 | L10: BLUES LINEN BLEND VOLUME SS LENGAN PENDEK S3L474J1:WHITE:S:SOLID:BLUES LINEN | M10: 249900 | N10: SP | O10: 99000 | P10: SPECIAL PRICE
A11: 2024 H2 Woven Top, Outerwear, Woven Bottom, Dress SP 99 | B11: ='2023 SP 79'!$B$2 -> 2026-03-20 | C11: ='2023 SP 79'!$C$2 -> 2026-04-01 | D11: 3328 | E11: 347 | F11: 5 | G11: 2 | I11: SUKO | J11: 45337206 | K11: S3L474J1 | L11: BLUES LINEN BLEND VOLUME SS LENGAN PENDEK S3L474J1:WHITE:M:SOLID:BLUES LINEN | M11: 249900 | N11: SP | O11: 99000 | P11: SPECIAL PRICE
A12: 2024 H2 Woven Top, Outerwear, Woven Bottom, Dress SP 99 | B12: ='2023 SP 79'!$B$2 -> 2026-03-20 | C12: ='2023 SP 79'!$C$2 -> 2026-04-01 | D12: 3328 | E12: 347 | F12: 5 | G12: 2 | I12: SUKO | J12: 45337215 | K12: S3L474J1 | L12: BLUES LINEN BLEND VOLUME SS LENGAN PENDEK S3L474J1:WHITE:L:SOLID:BLUES LINEN | M12: 249900 | N12: SP | O12: 99000 | P12: SPECIAL PRICE
A13: 2024 H2 Woven Top, Outerwear, Woven Bottom, Dress SP 99 | B13: ='2023 SP 79'!$B$2 -> 2026-03-20 | C13: ='2023 SP 79'!$C$2 -> 2026-04-01 | D13: 3328 | E13: 347 | F13: 5 | G13: 2 | I13: SUKO | J13: 45337224 | K13: S3L474J1 | L13: BLUES LINEN BLEND VOLUME SS LENGAN PENDEK S3L474J1:WHITE:XL:SOLID:BLUES LINEN | M13: 249900 | N13: SP | O13: 99000 | P13: SPECIAL PRICE
... A55: 2024 H2 Woven Top, Outerwear, Woven Bottom, Dress SP 99 | B55: ='2023 SP 79'!$B$2 -> 2026-03-20 | C55: ='2023 SP 79'!$C$2 -> 2026-04-01 | D55: 3328 | E55: 347 | F55: 5 | G55: 7 | I55: SUKO | J55: 45337546 | K55: R1L454J3 | L55: GAUN LINEN BLEND LENGAN PENDEK R1L454J3:GOLDEN BROWN:M:SOLID:GAUN LINEN | M55: 329900 | N55: SP | O55: 99000 | P55: SPECIAL PRICE

Sheet 2024 H2 SP 199
A1: ACARA | B1: FROM DATE | C1: TO DATE | D1: DEPT | E1: WORLD | F1: DIVISION | G1: CLASS | H1: SUPPLIER | I1: BRAND | J1: SKU | K1: ARTICLE | L1: DESCRIPTION | M1: HARGA NORMAL | N1: DISKON | O1: HARGA PROMO | P1: DISCOUNT TYPE
A2: 2024 Woven Top SP 199 | B2: ='2023 SP 79'!$B$2 -> 2026-03-20 | C2: ='2023 SP 79'!$C$2 -> 2026-04-01 | D2: 3328 | E2: 347 | F2: 5 | G2: 2 | I2: SUKO | J2: 22246679 | K2: S2OS13J2 | L2: KEMEJA OXFORD OVERSIZED STRIPED SHIRT L/S WOVEN TOP GARIS LENGAN PANJANG S2OS13J2:PASTEL GREEN:S:STR | M2: 249900 | N2: SP | O2: 199000 | P2: SPECIAL PRICE
A3: 2024 Woven Top SP 199 | B3: ='2023 SP 79'!$B$2 -> 2026-03-20 | C3: ='2023 SP 79'!$C$2 -> 2026-04-01 | D3: 3328 | E3: 347 | F3: 5 | G3: 2 | I3: SUKO | J3: 22246688 | K3: S2OS13J2 | L3: KEMEJA OXFORD OVERSIZED STRIPED SHIRT L/S WOVEN TOP GARIS LENGAN PANJANG S2OS13J2:PASTEL GREEN:M:STR | M3: 249900 | N3: SP | O3: 199000 | P3: SPECIAL PRICE
A4: 2024 Woven Top SP 199 | B4: ='2023 SP 79'!$B$2 -> 2026-03-20 | C4: ='2023 SP 79'!$C$2 -> 2026-04-01 | D4: 3328 | E4: 347 | F4: 5 | G4: 2 | I4: SUKO | J4: 22246697 | K4: S2OS13J2 | L4: KEMEJA OXFORD OVERSIZED STRIPED SHIRT L/S WOVEN TOP GARIS LENGAN PANJANG S2OS13J2:PASTEL GREEN:L:STR | M4: 249900 | N4: SP | O4: 199000 | P4: SPECIAL PRICE
A5: 2024 Woven Top SP 199 | B5: ='2023 SP 79'!$B$2 -> 2026-03-20 | C5: ='2023 SP 79'!$C$2 -> 2026-04-01 | D5: 3328 | E5: 347 | F5: 5 | G5: 2 | I5: SUKO | J5: 22246704 | K5: S2OS13J2 | L5: KEMEJA OXFORD OVERSIZED STRIPED SHIRT L/S WOVEN TOP GARIS LENGAN PANJANG S2OS13J2:PASTEL GREEN:XL:ST | M5: 249900 | N5: SP | O5: 199000 | P5: SPECIAL PRICE

Sheet 2024-2025 KI NORMAL PRICE
A1: ACARA | B1: FROM DATE | C1: TO DATE | D1: DEPT | E1: WORLD | F1: DIVISION | G1: CLASS | H1: SUPPLIER | I1: BRAND | J1: SKU | K1: ARTICLE | L1: DESCRIPTION | M1: HARGA NORMAL | N1: DISKON | O1: HARGA PROMO | P1: DISCOUNT TYPE
A2: 2024-2025 KI NORMAL PRICE | B2: ='2023 SP 79'!$B$2 -> 2026-03-20 | C2: ='2023 SP 79'!$C$2 -> 2026-04-01 | D2: 3328 | E2: 347 | F2: 5 | G2: 8 | I2: SUKO | J2: 80744441 | K2: T1KT1351 | L2: T-SHIRT SS ROUND NECK KERAH BULAT LENGAN PENDEK T1KT1351:BLACK:S:SOLID:T-SHIRT | M2: 129900 | N2: 0 | O2: NORMAL PRICE | P2: AMOUNT
A3: 2024-2025 KI NORMAL PRICE | B3: ='2023 SP 79'!$B$2 -> 2026-03-20 | C3: ='2023 SP 79'!$C$2 -> 2026-04-01 | D3: 3328 | E3: 347 | F3: 5 | G3: 8 | I3: SUKO | J3: 80744450 | K3: T1KT1351 | L3: T-SHIRT SS ROUND NECK KERAH BULAT LENGAN PENDEK T1KT1351:BLACK:M:SOLID:T-SHIRT | M3: 129900 | N3: 0 | O3: NORMAL PRICE | P3: AMOUNT
A4: 2024-2025 KI NORMAL PRICE | B4: ='2023 SP 79'!$B$2 -> 2026-03-20 | C4: ='2023 SP 79'!$C$2 -> 2026-04-01 | D4: 3328 | E4: 347 | F4: 5 | G4: 8 | I4: SUKO | J4: 80744469 | K4: T1KT1351 | L4: T-SHIRT SS ROUND NECK KERAH BULAT LENGAN PENDEK T1KT1351:BLACK:L:SOLID:T-SHIRT | M4: 129900 | N4: 0 | O4: NORMAL PRICE | P4: AMOUNT
A5: 2024-2025 KI NORMAL PRICE | B5: ='2023 SP 79'!$B$2 -> 2026-03-20 | C5: ='2023 SP 79'!$C$2 -> 2026-04-01 | D5: 3328 | E5: 347 | F5: 5 | G5: 8 | I5: SUKO | J5: 80744478 | K5: T1KT1351 | L5: T-SHIRT SS ROUND NECK KERAH BULAT LENGAN PENDEK T1KT1351:BLACK:XL:SOLID:T-SHIRT | M5: 129900 | N5: 0 | O5: NORMAL PRICE | P5: AMOUNT
A6: 2024-2025 KI NORMAL PRICE | B6: ='2023 SP 79'!$B$2 -> 2026-03-20 | C6: ='2023 SP 79'!$C$2 -> 2026-04-01 | D6: 3328 | E6: 347 | F6: 5 | G6: 8 | I6: SUKO | J6: 45395126 | K6: T1KT1351 | L6: T-SHIRT SS ROUND NECK KERAH BULAT LENGAN PENDEK T1KT1351:WHITE:S:SOLID:T-SHIRT | M6: 129900 | N6: 0 | O6: NORMAL PRICE | P6: AMOUNT
A7: 2024-2025 KI NORMAL PRICE | B7: ='2023 SP 79'!$B$2 -> 2026-03-20 | C7: ='2023 SP 79'!$C$2 -> 2026-04-01 | D7: 3328 | E7: 347 | F7: 5 | G7: 8 | I7: SUKO | J7: 45395135 | K7: T1KT1351 | L7: T-SHIRT SS ROUND NECK KERAH BULAT LENGAN PENDEK T1KT1351:WHITE:M:SOLID:T-SHIRT | M7: 129900 | N7: 0 | O7: NORMAL PRICE | P7: AMOUNT
A8: 2024-2025 KI NORMAL PRICE | B8: ='2023 SP 79'!$B$2 -> 2026-03-20 | C8: ='2023 SP 79'!$C$2 -> 2026-04-01 | D8: 3328 | E8: 347 | F8: 5 | G8: 8 | I8: SUKO | J8: 45395144 | K8: T1KT1351 | L8: T-SHIRT SS ROUND NECK KERAH BULAT LENGAN PENDEK T1KT1351:WHITE:L:SOLID:T-SHIRT | M8: 129900 | N8: 0 | O8: NORMAL PRICE | P8: AMOUNT
A9: 2024-2025 KI NORMAL PRICE | B9: ='2023 SP 79'!$B$2 -> 2026-03-20 | C9: ='2023 SP 79'!$C$2 -> 2026-04-01 | D9: 3328 | E9: 347 | F9: 5 | G9: 8 | I9: SUKO | J9: 45395153 | K9: T1KT1351 | L9: T-SHIRT SS ROUND NECK KERAH BULAT LENGAN PENDEK T1KT1351:WHITE:XL:SOLID:T-SHIRT | M9: 129900 | N9: 0 | O9: NORMAL PRICE | P9: AMOUNT
A10: 2024-2025 KI NORMAL PRICE | B10: ='2023 SP 79'!$B$2 -> 2026-03-20 | C10: ='2023 SP 79'!$C$2 -> 2026-04-01 | D10: 3328 | E10: 347 | F10: 5 | G10: 8 | I10: SUKO | J10: 80744361 | K10: T1KT1351 | L10: T-SHIRT SS ROUND NECK KERAH BULAT LENGAN PENDEK T1KT1351:KHAKI:S:SOLID:T-SHIRT | M10: 129900 | N10: 0 | O10: NORMAL PRICE | P10: AMOUNT
A11: 2024-2025 KI NORMAL PRICE | B11: ='2023 SP 79'!$B$2 -> 2026-03-20 | C11: ='2023 SP 79'!$C$2 -> 2026-04-01 | D11: 3328 | E11: 347 | F11: 5 | G11: 8 | I11: SUKO | J11: 80744370 | K11: T1KT1351 | L11: T-SHIRT SS ROUND NECK KERAH BULAT LENGAN PENDEK T1KT1351:KHAKI:M:SOLID:T-SHIRT | M11: 129900 | N11: 0 | O11: NORMAL PRICE | P11: AMOUNT
A12: 2024-2025 KI NORMAL PRICE | B12: ='2023 SP 79'!$B$2 -> 2026-03-20 | C12: ='2023 SP 79'!$C$2 -> 2026-04-01 | D12: 3328 | E12: 347 | F12: 5 | G12: 8 | I12: SUKO | J12: 80744389 | K12: T1KT1351 | L12: T-SHIRT SS ROUND NECK KERAH BULAT LENGAN PENDEK T1KT1351:KHAKI:L:SOLID:T-SHIRT | M12: 129900 | N12: 0 | O12: NORMAL PRICE | P12: AMOUNT
A13: 2024-2025 KI NORMAL PRICE | B13: ='2023 SP 79'!$B$2 -> 2026-03-20 | C13: ='2023 SP 79'!$C$2 -> 2026-04-01 | D13: 3328 | E13: 347 | F13: 5 | G13: 8 | I13: SUKO | J13: 80744398 | K13: T1KT1351 | L13: T-SHIRT SS ROUND NECK KERAH BULAT LENGAN PENDEK T1KT1351:KHAKI:XL:SOLID:T-SHIRT | M13: 129900 | N13: 0 | O13: NORMAL PRICE | P13: AMOUNT
... A75: 2024-2025 KI NORMAL PRICE | B75: ='2023 SP 79'!$B$2 -> 2026-03-20 | C75: ='2023 SP 79'!$C$2 -> 2026-04-01 | D75: 3328 | E75: 347 | F75: 5 | G75: 8 | I75: SUKO | J75: 53508659 | K75: T1KT1351 | L75: T-SHIRT SS ROUND NECK KERAH BULAT LENGAN PENDEK T1KT1351:CERAMIC:XL:SOLID:T-SHIRT | M75: 129900 | N75: 0 | O75: NORMAL PRICE | P75: AMOUNT

Sheet 2024-2025 KI SP 99
A1: ACARA | B1: FROM DATE | C1: TO DATE | D1: DEPT | E1: WORLD | F1: DIVISION | G1: CLASS | H1: SUPPLIER | I1: BRAND | J1: SKU | K1: ARTICLE | L1: DESCRIPTION | M1: HARGA NORMAL | N1: DISKON | O1: HARGA PROMO | P1: DISCOUNT TYPE
A2: 2024-2025 DISCONTINUE KI SP 99 | B2: ='2023 SP 79'!$B$2 -> 2026-03-20 | C2: ='2023 SP 79'!$C$2 -> 2026-04-01 | D2: 3328 | E2: 347 | F2: 5 | G2: 8 | I2: SUKO | J2: 18748313 | K2: T1BT13J1 | L2: OVERSIZED T-SHIRT BABY TERRY TEE CROP S/S KNIT TOP CROPPED LENGTH KERAH BULAT LENGAN PENDEK T1BT13J1 | M2: 149900 | N2: SP | O2: 99000 | P2: SPECIAL PRICE
A3: 2024-2025 DISCONTINUE KI SP 99 | B3: ='2023 SP 79'!$B$2 -> 2026-03-20 | C3: ='2023 SP 79'!$C$2 -> 2026-04-01 | D3: 3328 | E3: 347 | F3: 5 | G3: 8 | I3: SUKO | J3: 18748322 | K3: T1BT13J1 | L3: OVERSIZED T-SHIRT BABY TERRY TEE CROP S/S KNIT TOP CROPPED LENGTH KERAH BULAT LENGAN PENDEK T1BT13J1 | M3: 149900 | N3: SP | O3: 99000 | P3: SPECIAL PRICE
A4: 2024-2025 DISCONTINUE KI SP 99 | B4: ='2023 SP 79'!$B$2 -> 2026-03-20 | C4: ='2023 SP 79'!$C$2 -> 2026-04-01 | D4: 3328 | E4: 347 | F4: 5 | G4: 8 | I4: SUKO | J4: 18748331 | K4: T1BT13J1 | L4: OVERSIZED T-SHIRT BABY TERRY TEE CROP S/S KNIT TOP CROPPED LENGTH KERAH BULAT LENGAN PENDEK T1BT13J1 | M4: 149900 | N4: SP | O4: 99000 | P4: SPECIAL PRICE
A5: 2024-2025 DISCONTINUE KI SP 99 | B5: ='2023 SP 79'!$B$2 -> 2026-03-20 | C5: ='2023 SP 79'!$C$2 -> 2026-04-01 | D5: 3328 | E5: 347 | F5: 5 | G5: 8 | I5: SUKO | J5: 18748340 | K5: T1BT13J1 | L5: OVERSIZED T-SHIRT BABY TERRY TEE CROP S/S KNIT TOP CROPPED LENGTH KERAH BULAT LENGAN PENDEK T1BT13J1 | M5: 149900 | N5: SP | O5: 99000 | P5: SPECIAL PRICE
A6: 2024-2025 DISCONTINUE KI SP 99 | B6: ='2023 SP 79'!$B$2 -> 2026-03-20 | C6: ='2023 SP 79'!$C$2 -> 2026-04-01 | D6: 3328 | E6: 347 | F6: 5 | G6: 8 | I6: SUKO | J6: 18748279 | K6: T1BT13J1 | L6: OVERSIZED T-SHIRT BABY TERRY TEE CROP S/S KNIT TOP CROPPED LENGTH KERAH BULAT LENGAN PENDEK T1BT13J1 | M6: 149900 | N6: SP | O6: 99000 | P6: SPECIAL PRICE
A7: 2024-2025 DISCONTINUE KI SP 99 | B7: ='2023 SP 79'!$B$2 -> 2026-03-20 | C7: ='2023 SP 79'!$C$2 -> 2026-04-01 | D7: 3328 | E7: 347 | F7: 5 | G7: 8 | I7: SUKO | J7: 18748288 | K7: T1BT13J1 | L7: OVERSIZED T-SHIRT BABY TERRY TEE CROP S/S KNIT TOP CROPPED LENGTH KERAH BULAT LENGAN PENDEK T1BT13J1 | M7: 149900 | N7: SP | O7: 99000 | P7: SPECIAL PRICE
A8: 2024-2025 DISCONTINUE KI SP 99 | B8: ='2023 SP 79'!$B$2 -> 2026-03-20 | C8: ='2023 SP 79'!$C$2 -> 2026-04-01 | D8: 3328 | E8: 347 | F8: 5 | G8: 8 | I8: SUKO | J8: 18748297 | K8: T1BT13J1 | L8: OVERSIZED T-SHIRT BABY TERRY TEE CROP S/S KNIT TOP CROPPED LENGTH KERAH BULAT LENGAN PENDEK T1BT13J1 | M8: 149900 | N8: SP | O8: 99000 | P8: SPECIAL PRICE
A9: 2024-2025 DISCONTINUE KI SP 99 | B9: ='2023 SP 79'!$B$2 -> 2026-03-20 | C9: ='2023 SP 79'!$C$2 -> 2026-04-01 | D9: 3328 | E9: 347 | F9: 5 | G9: 8 | I9: SUKO | J9: 18748304 | K9: T1BT13J1 | L9: OVERSIZED T-SHIRT BABY TERRY TEE CROP S/S KNIT TOP CROPPED LENGTH KERAH BULAT LENGAN PENDEK T1BT13J1 | M9: 149900 | N9: SP | O9: 99000 | P9: SPECIAL PRICE
A10: 2024-2025 DISCONTINUE KI SP 99 | B10: ='2023 SP 79'!$B$2 -> 2026-03-20 | C10: ='2023 SP 79'!$C$2 -> 2026-04-01 | D10: 3328 | E10: 347 | F10: 5 | G10: 8 | I10: SUKO | J10: 45395242 | K10: T1BT13J1 | L10: OVERSIZED T-SHIRT BABY TERRY TEE CROP SS KNIT TOP CROPPED LENGTH KERAH BULAT LENGAN PENDEK T1BT13J1: | M10: 149900 | N10: SP | O10: 99000 | P10: SPECIAL PRICE
A11: 2024-2025 DISCONTINUE KI SP 99 | B11: ='2023 SP 79'!$B$2 -> 2026-03-20 | C11: ='2023 SP 79'!$C$2 -> 2026-04-01 | D11: 3328 | E11: 347 | F11: 5 | G11: 8 | I11: SUKO | J11: 45395251 | K11: T1BT13J1 | L11: OVERSIZED T-SHIRT BABY TERRY TEE CROP SS KNIT TOP CROPPED LENGTH KERAH BULAT LENGAN PENDEK T1BT13J1: | M11: 149900 | N11: SP | O11: 99000 | P11: SPECIAL PRICE
A12: 2024-2025 DISCONTINUE KI SP 99 | B12: ='2023 SP 79'!$B$2 -> 2026-03-20 | C12: ='2023 SP 79'!$C$2 -> 2026-04-01 | D12: 3328 | E12: 347 | F12: 5 | G12: 8 | I12: SUKO | J12: 45395260 | K12: T1BT13J1 | L12: OVERSIZED T-SHIRT BABY TERRY TEE CROP SS KNIT TOP CROPPED LENGTH KERAH BULAT LENGAN PENDEK T1BT13J1: | M12: 149900 | N12: SP | O12: 99000 | P12: SPECIAL PRICE
A13: 2024-2025 DISCONTINUE KI SP 99 | B13: ='2023 SP 79'!$B$2 -> 2026-03-20 | C13: ='2023 SP 79'!$C$2 -> 2026-04-01 | D13: 3328 | E13: 347 | F13: 5 | G13: 8 | I13: SUKO | J13: 45395279 | K13: T1BT13J1 | L13: OVERSIZED T-SHIRT BABY TERRY TEE CROP SS KNIT TOP CROPPED LENGTH KERAH BULAT LENGAN PENDEK T1BT13J1: | M13: 149900 | N13: SP | O13: 99000 | P13: SPECIAL PRICE
... A85: 2024-2025 DISCONTINUE KI SP 99 | B85: ='2023 SP 79'!$B$2 -> 2026-03-20 | C85: ='2023 SP 79'!$C$2 -> 2026-04-01 | D85: 3328 | E85: 347 | F85: 5 | G85: 8 | I85: SUKO | J85: 54636250 | K85: T2L314G1 | L85: T-SHIRT 3/4 JERSEY KERAH BULAT LENGAN 3/4 T2L314G1:SAND:S:SOLID:T-SHIRT 3/4 | M85: 149900 | N85: SP | O85: 99000 | P85: SPECIAL PRICE

Sheet 2024-2025 KI SP109
A1: ACARA | B1: FROM DATE | C1: TO DATE | D1: DEPT | E1: WORLD | F1: DIVISION | G1: CLASS | H1: SUPPLIER | I1: BRAND | J1: SKU | K1: ARTICLE | L1: DESCRIPTION | M1: HARGA NORMAL | N1: DISKON | O1: HARGA PROMO | P1: DISCOUNT TYPE
A2: 2024-2025 DISCONTINUE KI SP 109 | B2: ='2023 SP 79'!$B$2 -> 2026-03-20 | C2: ='2023 SP 79'!$C$2 -> 2026-04-01 | D2: 3328 | E2: 347 | F2: 5 | G2: 8 | I2: SUKO | J2: 51880858 | K2: T1L415A1 | L2: T-SHIRT WAFFLE KERAH BULAT LENGAN PANJANG T1L415A1:AQUA:S:SOLID:T-SHIRT WAFFLE | M2: 169900 | N2: SP | O2: 109000 | P2: SPECIAL PRICE
A3: 2024-2025 DISCONTINUE KI SP 109 | B3: ='2023 SP 79'!$B$2 -> 2026-03-20 | C3: ='2023 SP 79'!$C$2 -> 2026-04-01 | D3: 3328 | E3: 347 | F3: 5 | G3: 8 | I3: SUKO | J3: 51880867 | K3: T1L415A1 | L3: T-SHIRT WAFFLE KERAH BULAT LENGAN PANJANG T1L415A1:AQUA:M:SOLID:T-SHIRT WAFFLE | M3: 169900 | N3: SP | O3: 109000 | P3: SPECIAL PRICE
A4: 2024-2025 DISCONTINUE KI SP 109 | B4: ='2023 SP 79'!$B$2 -> 2026-03-20 | C4: ='2023 SP 79'!$C$2 -> 2026-04-01 | D4: 3328 | E4: 347 | F4: 5 | G4: 8 | I4: SUKO | J4: 51880876 | K4: T1L415A1 | L4: T-SHIRT WAFFLE KERAH BULAT LENGAN PANJANG T1L415A1:AQUA:L:SOLID:T-SHIRT WAFFLE | M4: 169900 | N4: SP | O4: 109000 | P4: SPECIAL PRICE
A5: 2024-2025 DISCONTINUE KI SP 109 | B5: ='2023 SP 79'!$B$2 -> 2026-03-20 | C5: ='2023 SP 79'!$C$2 -> 2026-04-01 | D5: 3328 | E5: 347 | F5: 5 | G5: 8 | I5: SUKO | J5: 51880885 | K5: T1L415A1 | L5: T-SHIRT WAFFLE KERAH BULAT LENGAN PANJANG T1L415A1:AQUA:XL:SOLID:T-SHIRT WAFFLE | M5: 169900 | N5: SP | O5: 109000 | P5: SPECIAL PRICE
A6: 2024-2025 DISCONTINUE KI SP 109 | B6: ='2023 SP 79'!$B$2 -> 2026-03-20 | C6: ='2023 SP 79'!$C$2 -> 2026-04-01 | D6: 3328 | E6: 347 | F6: 5 | G6: 8 | I6: SUKO | J6: 54377423 | K6: T1L415A1 | L6: T-SHIRT WAFFLE KERAH BULAT LENGAN PANJANG T1L415A1:MISTY LIGHT GREY:S:SOLID:T-SHIRT WAFFLE | M6: 169900 | N6: SP | O6: 109000 | P6: SPECIAL PRICE
A7: 2024-2025 DISCONTINUE KI SP 109 | B7: ='2023 SP 79'!$B$2 -> 2026-03-20 | C7: ='2023 SP 79'!$C$2 -> 2026-04-01 | D7: 3328 | E7: 347 | F7: 5 | G7: 8 | I7: SUKO | J7: 54377432 | K7: T1L415A1 | L7: T-SHIRT WAFFLE KERAH BULAT LENGAN PANJANG T1L415A1:MISTY LIGHT GREY:M:SOLID:T-SHIRT WAFFLE | M7: 169900 | N7: SP | O7: 109000 | P7: SPECIAL PRICE
A8: 2024-2025 DISCONTINUE KI SP 109 | B8: ='2023 SP 79'!$B$2 -> 2026-03-20 | C8: ='2023 SP 79'!$C$2 -> 2026-04-01 | D8: 3328 | E8: 347 | F8: 5 | G8: 8 | I8: SUKO | J8: 54377441 | K8: T1L415A1 | L8: T-SHIRT WAFFLE KERAH BULAT LENGAN PANJANG T1L415A1:MISTY LIGHT GREY:L:SOLID:T-SHIRT WAFFLE | M8: 169900 | N8: SP | O8: 109000 | P8: SPECIAL PRICE
A9: 2024-2025 DISCONTINUE KI SP 109 | B9: ='2023 SP 79'!$B$2 -> 2026-03-20 | C9: ='2023 SP 79'!$C$2 -> 2026-04-01 | D9: 3328 | E9: 347 | F9: 5 | G9: 8 | I9: SUKO | J9: 54377450 | K9: T1L415A1 | L9: T-SHIRT WAFFLE KERAH BULAT LENGAN PANJANG T1L415A1:MISTY LIGHT GREY:XL:SOLID:T-SHIRT WAFFLE | M9: 169900 | N9: SP | O9: 109000 | P9: SPECIAL PRICE
A10: 2024-2025 DISCONTINUE KI SP 109 | B10: ='2023 SP 79'!$B$2 -> 2026-03-20 | C10: ='2023 SP 79'!$C$2 -> 2026-04-01 | D10: 3328 | E10: 347 | F10: 5 | G10: 8 | I10: SUKO | J10: 53511529 | K10: T1L415A1 | L10: T-SHIRT WAFFLE KERAH BULAT LENGAN PANJANG T1L415A1:SALMON:S:SOLID:T-SHIRT WAFFLE | M10: 169900 | N10: SP | O10: 109000 | P10: SPECIAL PRICE
A11: 2024-2025 DISCONTINUE KI SP 109 | B11: ='2023 SP 79'!$B$2 -> 2026-03-20 | C11: ='2023 SP 79'!$C$2 -> 2026-04-01 | D11: 3328 | E11: 347 | F11: 5 | G11: 8 | I11: SUKO | J11: 53511538 | K11: T1L415A1 | L11: T-SHIRT WAFFLE KERAH BULAT LENGAN PANJANG T1L415A1:SALMON:M:SOLID:T-SHIRT WAFFLE | M11: 169900 | N11: SP | O11: 109000 | P11: SPECIAL PRICE
A12: 2024-2025 DISCONTINUE KI SP 109 | B12: ='2023 SP 79'!$B$2 -> 2026-03-20 | C12: ='2023 SP 79'!$C$2 -> 2026-04-01 | D12: 3328 | E12: 347 | F12: 5 | G12: 8 | I12: SUKO | J12: 53511547 | K12: T1L415A1 | L12: T-SHIRT WAFFLE KERAH BULAT LENGAN PANJANG T1L415A1:SALMON:L:SOLID:T-SHIRT WAFFLE | M12: 169900 | N12: SP | O12: 109000 | P12: SPECIAL PRICE
A13: 2024-2025 DISCONTINUE KI SP 109 | B13: ='2023 SP 79'!$B$2 -> 2026-03-20 | C13: ='2023 SP 79'!$C$2 -> 2026-04-01 | D13: 3328 | E13: 347 | F13: 5 | G13: 8 | I13: SUKO | J13: 53511556 | K13: T1L415A1 | L13: T-SHIRT WAFFLE KERAH BULAT LENGAN PANJANG T1L415A1:SALMON:XL:SOLID:T-SHIRT WAFFLE | M13: 169900 | N13: SP | O13: 109000 | P13: SPECIAL PRICE
... A45: 2024-2025 DISCONTINUE KI SP 109 | B45: ='2023 SP 79'!$B$2 -> 2026-03-20 | C45: ='2023 SP 79'!$C$2 -> 2026-04-01 | D45: 3328 | E45: 347 | F45: 5 | G45: 8 | I45: SUKO | J45: 54377414 | K45: T1L415A1 | L45: T-SHIRT WAFFLE KERAH BULAT LENGAN PANJANG T1L415A1:DUSTY PINK:XL:SOLID:T-SHIRT WAFFLE | M45: 169900 | N45: SP | O45: 109000 | P45: SPECIAL PRICE

Sheet 2025 H1 SP99
A1: ACARA | B1: FROM DATE | C1: TO DATE | D1: DEPT | E1: WORLD | F1: DIVISION | G1: CLASS | H1: SUPPLIER | I1: BRAND | J1: SKU | K1: ARTICLE | L1: DESCRIPTION | M1: HARGA NORMAL | N1: DISKON | O1: HARGA PROMO | P1: DISCOUNT TYPE
A2: 2025 H1 Woven Top, Woven Bottom, Dress SP99 | B2: ='2023 SP 79'!$B$2 -> 2026-03-20 | C2: ='2023 SP 79'!$C$2 -> 2026-04-01 | D2: 3328 | E2: 347 | F2: 5 | G2: 2 | I2: SUKO | J2: 51716026 | K2: S4L545A4-2 | L2: KEMEJA MOTIF PRINTED TUNIC LS LENGAN PANJANG S4L545A4-2:PASTEL GREY:S:PRINT:KEMEJA MOTIF | M2: 279900 | N2: SP | O2: 99000 | P2: SPECIAL PRICE
A3: 2025 H1 Woven Top, Woven Bottom, Dress SP99 | B3: ='2023 SP 79'!$B$2 -> 2026-03-20 | C3: ='2023 SP 79'!$C$2 -> 2026-04-01 | D3: 3328 | E3: 347 | F3: 5 | G3: 2 | I3: SUKO | J3: 51716035 | K3: S4L545A4-2 | L3: KEMEJA MOTIF PRINTED TUNIC LS LENGAN PANJANG S4L545A4-2:PASTEL GREY:M:PRINT:KEMEJA MOTIF | M3: 279900 | N3: SP | O3: 99000 | P3: SPECIAL PRICE
A4: 2025 H1 Woven Top, Woven Bottom, Dress SP99 | B4: ='2023 SP 79'!$B$2 -> 2026-03-20 | C4: ='2023 SP 79'!$C$2 -> 2026-04-01 | D4: 3328 | E4: 347 | F4: 5 | G4: 2 | I4: SUKO | J4: 51716044 | K4: S4L545A4-2 | L4: KEMEJA MOTIF PRINTED TUNIC LS LENGAN PANJANG S4L545A4-2:PASTEL GREY:L:PRINT:KEMEJA MOTIF | M4: 279900 | N4: SP | O4: 99000 | P4: SPECIAL PRICE
A5: 2025 H1 Woven Top, Woven Bottom, Dress SP99 | B5: ='2023 SP 79'!$B$2 -> 2026-03-20 | C5: ='2023 SP 79'!$C$2 -> 2026-04-01 | D5: 3328 | E5: 347 | F5: 5 | G5: 2 | I5: SUKO | J5: 51716053 | K5: S4L545A4-2 | L5: KEMEJA MOTIF PRINTED TUNIC LS LENGAN PANJANG S4L545A4-2:PASTEL GREY:XL:PRINT:KEMEJA MOTIF | M5: 279900 | N5: SP | O5: 99000 | P5: SPECIAL PRICE
A6: 2025 H1 Woven Top, Woven Bottom, Dress SP99 | B6: ='2023 SP 79'!$B$2 -> 2026-03-20 | C6: ='2023 SP 79'!$C$2 -> 2026-04-01 | D6: 3328 | E6: 347 | F6: 5 | G6: 2 | I6: SUKO | J6: 51715983 | K6: S4L545A4-1 | L6: KEMEJA MOTIF PRINTED TUNIC LS LENGAN PANJANG S4L545A4-1:VANILLA:S:PRINT:KEMEJA MOTIF | M6: 279900 | N6: SP | O6: 99000 | P6: SPECIAL PRICE
A7: 2025 H1 Woven Top, Woven Bottom, Dress SP99 | B7: ='2023 SP 79'!$B$2 -> 2026-03-20 | C7: ='2023 SP 79'!$C$2 -> 2026-04-01 | D7: 3328 | E7: 347 | F7: 5 | G7: 2 | I7: SUKO | J7: 51715992 | K7: S4L545A4-1 | L7: KEMEJA MOTIF PRINTED TUNIC LS LENGAN PANJANG S4L545A4-1:VANILLA:M:PRINT:KEMEJA MOTIF | M7: 279900 | N7: SP | O7: 99000 | P7: SPECIAL PRICE
A8: 2025 H1 Woven Top, Woven Bottom, Dress SP99 | B8: ='2023 SP 79'!$B$2 -> 2026-03-20 | C8: ='2023 SP 79'!$C$2 -> 2026-04-01 | D8: 3328 | E8: 347 | F8: 5 | G8: 2 | I8: SUKO | J8: 51716008 | K8: S4L545A4-1 | L8: KEMEJA MOTIF PRINTED TUNIC LS LENGAN PANJANG S4L545A4-1:VANILLA:L:PRINT:KEMEJA MOTIF | M8: 279900 | N8: SP | O8: 99000 | P8: SPECIAL PRICE
A9: 2025 H1 Woven Top, Woven Bottom, Dress SP99 | B9: ='2023 SP 79'!$B$2 -> 2026-03-20 | C9: ='2023 SP 79'!$C$2 -> 2026-04-01 | D9: 3328 | E9: 347 | F9: 5 | G9: 2 | I9: SUKO | J9: 51716017 | K9: S4L545A4-1 | L9: KEMEJA MOTIF PRINTED TUNIC LS LENGAN PANJANG S4L545A4-1:VANILLA:XL:PRINT:KEMEJA MOTIF | M9: 279900 | N9: SP | O9: 99000 | P9: SPECIAL PRICE
A10: 2025 H1 Woven Top, Woven Bottom, Dress SP99 | B10: ='2023 SP 79'!$B$2 -> 2026-03-20 | C10: ='2023 SP 79'!$C$2 -> 2026-04-01 | D10: 3328 | E10: 347 | F10: 5 | G10: 2 | I10: SUKO | J10: 51716062 | K10: S4L545A4-3 | L10: KEMEJA MOTIF PRINTED TUNIC LS LENGAN PANJANG S4L545A4-3:PASTEL GREEN:S:PRINT:KEMEJA MOTIF | M10: 279900 | N10: SP | O10: 99000 | P10: SPECIAL PRICE
A11: 2025 H1 Woven Top, Woven Bottom, Dress SP99 | B11: ='2023 SP 79'!$B$2 -> 2026-03-20 | C11: ='2023 SP 79'!$C$2 -> 2026-04-01 | D11: 3328 | E11: 347 | F11: 5 | G11: 2 | I11: SUKO | J11: 51716071 | K11: S4L545A4-3 | L11: KEMEJA MOTIF PRINTED TUNIC LS LENGAN PANJANG S4L545A4-3:PASTEL GREEN:M:PRINT:KEMEJA MOTIF | M11: 279900 | N11: SP | O11: 99000 | P11: SPECIAL PRICE
A12: 2025 H1 Woven Top, Woven Bottom, Dress SP99 | B12: ='2023 SP 79'!$B$2 -> 2026-03-20 | C12: ='2023 SP 79'!$C$2 -> 2026-04-01 | D12: 3328 | E12: 347 | F12: 5 | G12: 2 | I12: SUKO | J12: 51716080 | K12: S4L545A4-3 | L12: KEMEJA MOTIF PRINTED TUNIC LS LENGAN PANJANG S4L545A4-3:PASTEL GREEN:L:PRINT:KEMEJA MOTIF | M12: 279900 | N12: SP | O12: 99000 | P12: SPECIAL PRICE
A13: 2025 H1 Woven Top, Woven Bottom, Dress SP99 | B13: ='2023 SP 79'!$B$2 -> 2026-03-20 | C13: ='2023 SP 79'!$C$2 -> 2026-04-01 | D13: 3328 | E13: 347 | F13: 5 | G13: 2 | I13: SUKO | J13: 51716099 | K13: S4L545A4-3 | L13: KEMEJA MOTIF PRINTED TUNIC LS LENGAN PANJANG S4L545A4-3:PASTEL GREEN:XL:PRINT:KEMEJA MOTIF | M13: 279900 | N13: SP | O13: 99000 | P13: SPECIAL PRICE
... A82: 2025 H1 Woven Top, Woven Bottom, Dress SP99 | B82: ='2023 SP 79'!$B$2 -> 2026-03-20 | C82: ='2023 SP 79'!$C$2 -> 2026-04-01 | D82: 3328 | E82: 347 | F82: 5 | G82: 5 | I82: SUKO | J82: 51716633 | K82: W2L595A3 | L82: CELANA PANJANG RELAX W2L595A3:WHITE:XL:SOLID:CELANA PANJANG RELAX | M82: 279900 | N82: SP | O82: 99000 | P82: SPECIAL PRICE

Sheet 2025 H1 SP129
A1: ACARA | B1: FROM DATE | C1: TO DATE | D1: DEPT | E1: WORLD | F1: DIVISION | G1: CLASS | H1: SUPPLIER | I1: BRAND | J1: SKU | K1: ARTICLE | L1: DESCRIPTION | M1: HARGA NORMAL | N1: DISKON | O1: HARGA PROMO | P1: DISCOUNT TYPE
A2: 2025 H1 Knit Top,Woven Top, Woven Bottom, Knit Bottom SP 129 | B2: ='2023 SP 79'!$B$2 -> 2026-03-20 | C2: ='2023 SP 79'!$C$2 -> 2026-04-01 | D2: 3328 | E2: 347 | F2: 5 | G2: 1 | I2: SUKO | J2: 53702699 | K2: T2L815D1 | L2: T-SHIRT KERAH BULAT LENGAN PANJANG T2L815D1:SALMON:XL:SOLID:T-SHIRT | M2: 179900 | N2: SP | O2: 129000 | P2: SPECIAL PRICE
A3: 2025 H1 Knit Top,Woven Top, Woven Bottom, Knit Bottom SP 129 | B3: ='2023 SP 79'!$B$2 -> 2026-03-20 | C3: ='2023 SP 79'!$C$2 -> 2026-04-01 | D3: 3328 | E3: 347 | F3: 5 | G3: 1 | I3: SUKO | J3: 53702724 | K3: T2L815D1 | L3: T-SHIRT KERAH BULAT LENGAN PANJANG T2L815D1:OLIVE:L:SOLID:T-SHIRT | M3: 179900 | N3: SP | O3: 129000 | P3: SPECIAL PRICE
A4: 2025 H1 Knit Top,Woven Top, Woven Bottom, Knit Bottom SP 129 | B4: ='2023 SP 79'!$B$2 -> 2026-03-20 | C4: ='2023 SP 79'!$C$2 -> 2026-04-01 | D4: 3328 | E4: 347 | F4: 5 | G4: 1 | I4: SUKO | J4: 53702733 | K4: T2L815D1 | L4: T-SHIRT KERAH BULAT LENGAN PANJANG T2L815D1:OLIVE:XL:SOLID:T-SHIRT | M4: 179900 | N4: SP | O4: 129000 | P4: SPECIAL PRICE
A5: 2025 H1 Knit Top,Woven Top, Woven Bottom, Knit Bottom SP 129 | B5: ='2023 SP 79'!$B$2 -> 2026-03-20 | C5: ='2023 SP 79'!$C$2 -> 2026-04-01 | D5: 3328 | E5: 347 | F5: 5 | G5: 1 | I5: SUKO | J5: 53702742 | K5: T2L815D1 | L5: T-SHIRT KERAH BULAT LENGAN PANJANG T2L815D1:BLACK:S:SOLID:T-SHIRT | M5: 179900 | N5: SP | O5: 129000 | P5: SPECIAL PRICE
A6: 2025 H1 Knit Top,Woven Top, Woven Bottom, Knit Bottom SP 129 | B6: ='2023 SP 79'!$B$2 -> 2026-03-20 | C6: ='2023 SP 79'!$C$2 -> 2026-04-01 | D6: 3328 | E6: 347 | F6: 5 | G6: 1 | I6: SUKO | J6: 53702751 | K6: T2L815D1 | L6: T-SHIRT KERAH BULAT LENGAN PANJANG T2L815D1:BLACK:M:SOLID:T-SHIRT | M6: 179900 | N6: SP | O6: 129000 | P6: SPECIAL PRICE
A7: 2025 H1 Knit Top,Woven Top, Woven Bottom, Knit Bottom SP 129 | B7: ='2023 SP 79'!$B$2 -> 2026-03-20 | C7: ='2023 SP 79'!$C$2 -> 2026-04-01 | D7: 3328 | E7: 347 | F7: 5 | G7: 1 | I7: SUKO | J7: 53702797 | K7: T2L815D1 | L7: T-SHIRT KERAH BULAT LENGAN PANJANG T2L815D1:WHITE:M:SOLID:T-SHIRT | M7: 179900 | N7: SP | O7: 129000 | P7: SPECIAL PRICE
A8: 2025 H1 Knit Top,Woven Top, Woven Bottom, Knit Bottom SP 129 | B8: ='2023 SP 79'!$B$2 -> 2026-03-20 | C8: ='2023 SP 79'!$C$2 -> 2026-04-01 | D8: 3328 | E8: 347 | F8: 5 | G8: 1 | I8: SUKO | J8: 53702760 | K8: T2L815D1 | L8: T-SHIRT KERAH BULAT LENGAN PANJANG T2L815D1:BLACK:L:SOLID:T-SHIRT | M8: 179900 | N8: SP | O8: 129000 | P8: SPECIAL PRICE
A9: 2025 H1 Knit Top,Woven Top, Woven Bottom, Knit Bottom SP 129 | B9: ='2023 SP 79'!$B$2 -> 2026-03-20 | C9: ='2023 SP 79'!$C$2 -> 2026-04-01 | D9: 3328 | E9: 347 | F9: 5 | G9: 1 | I9: SUKO | J9: 53702788 | K9: T2L815D1 | L9: T-SHIRT KERAH BULAT LENGAN PANJANG T2L815D1:WHITE:S:SOLID:T-SHIRT | M9: 179900 | N9: SP | O9: 129000 | P9: SPECIAL PRICE
A10: 2025 H1 Knit Top,Woven Top, Woven Bottom, Knit Bottom SP 129 | B10: ='2023 SP 79'!$B$2 -> 2026-03-20 | C10: ='2023 SP 79'!$C$2 -> 2026-04-01 | D10: 3328 | E10: 347 | F10: 5 | G10: 1 | I10: SUKO | J10: 53702813 | K10: T2L815D1 | L10: T-SHIRT KERAH BULAT LENGAN PANJANG T2L815D1:WHITE:XL:SOLID:T-SHIRT | M10: 179900 | N10: SP | O10: 129000 | P10: SPECIAL PRICE
A11: 2025 H1 Knit Top,Woven Top, Woven Bottom, Knit Bottom SP 129 | B11: ='2023 SP 79'!$B$2 -> 2026-03-20 | C11: ='2023 SP 79'!$C$2 -> 2026-04-01 | D11: 3328 | E11: 347 | F11: 5 | G11: 1 | I11: SUKO | J11: 53702706 | K11: T2L815D1 | L11: T-SHIRT KERAH BULAT LENGAN PANJANG T2L815D1:OLIVE:S:SOLID:T-SHIRT | M11: 179900 | N11: SP | O11: 129000 | P11: SPECIAL PRICE
A12: 2025 H1 Knit Top,Woven Top, Woven Bottom, Knit Bottom SP 129 | B12: ='2023 SP 79'!$B$2 -> 2026-03-20 | C12: ='2023 SP 79'!$C$2 -> 2026-04-01 | D12: 3328 | E12: 347 | F12: 5 | G12: 1 | I12: SUKO | J12: 53702804 | K12: T2L815D1 | L12: T-SHIRT KERAH BULAT LENGAN PANJANG T2L815D1:WHITE:L:SOLID:T-SHIRT | M12: 179900 | N12: SP | O12: 129000 | P12: SPECIAL PRICE
A13: 2025 H1 Knit Top,Woven Top, Woven Bottom, Knit Bottom SP 129 | B13: ='2023 SP 79'!$B$2 -> 2026-03-20 | C13: ='2023 SP 79'!$C$2 -> 2026-04-01 | D13: 3328 | E13: 347 | F13: 5 | G13: 1 | I13: SUKO | J13: 53702779 | K13: T2L815D1 | L13: T-SHIRT KERAH BULAT LENGAN PANJANG T2L815D1:BLACK:XL:SOLID:T-SHIRT | M13: 179900 | N13: SP | O13: 129000 | P13: SPECIAL PRICE
... A157: 2025 H1 Knit Top,Woven Top, Woven Bottom, Knit Bottom SP 129 | B157: ='2023 SP 79'!$B$2 -> 2026-03-20 | C157: ='2023 SP 79'!$C$2 -> 2026-04-01 | D157: 3328 | E157: 347 | F157: 5 | G157: 2 | I157: SUKO | J157: 53809002 | K157: S2L4A5D1 | L157: BLOUSE BALON SS KERAH BULAT LENGAN PENDEK S2L4A5D1:PASTEL PINK:XL:SOLID:BLOUSE BALON | M157: 249900 | N157: SP | O157: 129000 | P157: SPECIAL PRICE

Sheet 2025 H1 GRAPHIC SP129
A1: ACARA | B1: FROM DATE | C1: TO DATE | D1: DEPT | E1: WORLD | F1: DIVISION | G1: CLASS | H1: SUPPLIER | I1: BRAND | J1: SKU | K1: ARTICLE | L1: DESCRIPTION | M1: HARGA NORMAL | N1: DISKON | O1: HARGA PROMO | P1: DISCOUNT TYPE
A2: 2025 H1 Knit Top: Graphic tee SP129 | B2: ='2023 SP 79'!$B$2 -> 2026-03-20 | C2: ='2023 SP 79'!$C$2 -> 2026-04-01 | D2: 3328 | E2: 347 | F2: 5 | G2: 1 | I2: SUKO | J2: 53702420 | K2: DSTSL5-5 | L2: T-SHIRT OVERSIZED GRAPHIC DISNEY KERAH BULAT LENGAN PENDEK DSTSL5-5:WINE:S:GRAPHIC:T-SHIRT OVERSIZED | M2: 169900 | N2: SP | O2: 129000 | P2: SPECIAL PRICE
A3: 2025 H1 Knit Top: Graphic tee SP129 | B3: ='2023 SP 79'!$B$2 -> 2026-03-20 | C3: ='2023 SP 79'!$C$2 -> 2026-04-01 | D3: 3328 | E3: 347 | F3: 5 | G3: 1 | I3: SUKO | J3: 53702439 | K3: DSTSL5-5 | L3: T-SHIRT OVERSIZED GRAPHIC DISNEY KERAH BULAT LENGAN PENDEK DSTSL5-5:WINE:M:GRAPHIC:T-SHIRT OVERSIZED | M3: 169900 | N3: SP | O3: 129000 | P3: SPECIAL PRICE
A4: 2025 H1 Knit Top: Graphic tee SP129 | B4: ='2023 SP 79'!$B$2 -> 2026-03-20 | C4: ='2023 SP 79'!$C$2 -> 2026-04-01 | D4: 3328 | E4: 347 | F4: 5 | G4: 1 | I4: SUKO | J4: 53702448 | K4: DSTSL5-5 | L4: T-SHIRT OVERSIZED GRAPHIC DISNEY KERAH BULAT LENGAN PENDEK DSTSL5-5:WINE:L:GRAPHIC:T-SHIRT OVERSIZED | M4: 169900 | N4: SP | O4: 129000 | P4: SPECIAL PRICE
A5: 2025 H1 Knit Top: Graphic tee SP129 | B5: ='2023 SP 79'!$B$2 -> 2026-03-20 | C5: ='2023 SP 79'!$C$2 -> 2026-04-01 | D5: 3328 | E5: 347 | F5: 5 | G5: 1 | I5: SUKO | J5: 53702457 | K5: DSTSL5-5 | L5: T-SHIRT OVERSIZED GRAPHIC DISNEY KERAH BULAT LENGAN PENDEK DSTSL5-5:WINE:XL:GRAPHIC:T-SHIRT OVERSIZE | M5: 169900 | N5: SP | O5: 129000 | P5: SPECIAL PRICE
A6: 2025 H1 Knit Top: Graphic tee SP129 | B6: ='2023 SP 79'!$B$2 -> 2026-03-20 | C6: ='2023 SP 79'!$C$2 -> 2026-04-01 | D6: 3328 | E6: 347 | F6: 5 | G6: 1 | I6: SUKO | J6: 53702466 | K6: DSTSL5-6 | L6: T-SHIRT OVERSIZED GRAPHIC DISNEY KERAH BULAT LENGAN PENDEK DSTSL5-6:VANILLA:S:GRAPHIC:T-SHIRT OVERSI | M6: 169900 | N6: SP | O6: 129000 | P6: SPECIAL PRICE
A7: 2025 H1 Knit Top: Graphic tee SP129 | B7: ='2023 SP 79'!$B$2 -> 2026-03-20 | C7: ='2023 SP 79'!$C$2 -> 2026-04-01 | D7: 3328 | E7: 347 | F7: 5 | G7: 1 | I7: SUKO | J7: 53702475 | K7: DSTSL5-6 | L7: T-SHIRT OVERSIZED GRAPHIC DISNEY KERAH BULAT LENGAN PENDEK DSTSL5-6:VANILLA:M:GRAPHIC:T-SHIRT OVERSI | M7: 169900 | N7: SP | O7: 129000 | P7: SPECIAL PRICE
A8: 2025 H1 Knit Top: Graphic tee SP129 | B8: ='2023 SP 79'!$B$2 -> 2026-03-20 | C8: ='2023 SP 79'!$C$2 -> 2026-04-01 | D8: 3328 | E8: 347 | F8: 5 | G8: 1 | I8: SUKO | J8: 53702484 | K8: DSTSL5-6 | L8: T-SHIRT OVERSIZED GRAPHIC DISNEY KERAH BULAT LENGAN PENDEK DSTSL5-6:VANILLA:L:GRAPHIC:T-SHIRT OVERSI | M8: 169900 | N8: SP | O8: 129000 | P8: SPECIAL PRICE
A9: 2025 H1 Knit Top: Graphic tee SP129 | B9: ='2023 SP 79'!$B$2 -> 2026-03-20 | C9: ='2023 SP 79'!$C$2 -> 2026-04-01 | D9: 3328 | E9: 347 | F9: 5 | G9: 1 | I9: SUKO | J9: 53702493 | K9: DSTSL5-6 | L9: T-SHIRT OVERSIZED GRAPHIC DISNEY KERAH BULAT LENGAN PENDEK DSTSL5-6:VANILLA:XL:GRAPHIC:T-SHIRT OVERS | M9: 169900 | N9: SP | O9: 129000 | P9: SPECIAL PRICE
A10: 2025 H1 Knit Top: Graphic tee SP129 | B10: ='2023 SP 79'!$B$2 -> 2026-03-20 | C10: ='2023 SP 79'!$C$2 -> 2026-04-01 | D10: 3328 | E10: 347 | F10: 5 | G10: 1 | I10: SUKO | J10: 53702500 | K10: DSTSL5-7 | L10: T-SHIRT OVERSIZED GRAPHIC DISNEY KERAH BULAT LENGAN PENDEK DSTSL5-7:CERAMIC:S:GRAPHIC:T-SHIRT OVERSI | M10: 169900 | N10: SP | O10: 129000 | P10: SPECIAL PRICE
A11: 2025 H1 Knit Top: Graphic tee SP129 | B11: ='2023 SP 79'!$B$2 -> 2026-03-20 | C11: ='2023 SP 79'!$C$2 -> 2026-04-01 | D11: 3328 | E11: 347 | F11: 5 | G11: 1 | I11: SUKO | J11: 53702519 | K11: DSTSL5-7 | L11: T-SHIRT OVERSIZED GRAPHIC DISNEY KERAH BULAT LENGAN PENDEK DSTSL5-7:CERAMIC:M:GRAPHIC:T-SHIRT OVERSI | M11: 169900 | N11: SP | O11: 129000 | P11: SPECIAL PRICE
A12: 2025 H1 Knit Top: Graphic tee SP129 | B12: ='2023 SP 79'!$B$2 -> 2026-03-20 | C12: ='2023 SP 79'!$C$2 -> 2026-04-01 | D12: 3328 | E12: 347 | F12: 5 | G12: 1 | I12: SUKO | J12: 53702528 | K12: DSTSL5-7 | L12: T-SHIRT OVERSIZED GRAPHIC DISNEY KERAH BULAT LENGAN PENDEK DSTSL5-7:CERAMIC:L:GRAPHIC:T-SHIRT OVERSI | M12: 169900 | N12: SP | O12: 129000 | P12: SPECIAL PRICE
A13: 2025 H1 Knit Top: Graphic tee SP129 | B13: ='2023 SP 79'!$B$2 -> 2026-03-20 | C13: ='2023 SP 79'!$C$2 -> 2026-04-01 | D13: 3328 | E13: 347 | F13: 5 | G13: 1 | I13: SUKO | J13: 53702537 | K13: DSTSL5-7 | L13: T-SHIRT OVERSIZED GRAPHIC DISNEY KERAH BULAT LENGAN PENDEK DSTSL5-7:CERAMIC:XL:GRAPHIC:T-SHIRT OVERS | M13: 169900 | N13: SP | O13: 129000 | P13: SPECIAL PRICE
... A73: 2025 H1 Knit Top: Graphic tee SP129 | B73: ='2023 SP 79'!$B$2 -> 2026-03-20 | C73: ='2023 SP 79'!$C$2 -> 2026-04-01 | D73: 3328 | E73: 347 | F73: 5 | G73: 1 | I73: SUKO | J73: 51717356 | K73: T4L625A1-6 | L73: T-SHIRT OVERSIZED GRAPHIC KERAH BULAT LENGAN PENDEK T4L625A1-6:SUNSHINE YELLOW:XL:GRAPHIC:T-SHIRT OV | M73: 169900 | N73: SP | O73: 129000 | P73: SPECIAL PRICE

Sheet 2025 SP 199
A1: ACARA | B1: FROM DATE | C1: TO DATE | D1: DEPT | E1: WORLD | F1: DIVISION | G1: CLASS | H1: SUPPLIER | I1: BRAND | J1: SKU | K1: ARTICLE | L1: DESCRIPTION | M1: HARGA NORMAL | N1: DISKON | O1: HARGA PROMO | P1: DISCOUNT TYPE
A2: 2025 Woven Top (fine cotton) SP 199 | B2: ='2023 SP 79'!$B$2 -> 2026-03-20 | C2: ='2023 SP 79'!$C$2 -> 2026-04-01 | D2: 3328 | E2: 347 | F2: 5 | G2: 2 | I2: SUKO | J2: 45337153 | K2: S2L3A4J2 | L2: KEMEJA FINE KATUN LS LENGAN PANJANG S2L3A4J2:BLACK:S:SOLID:KEMEJA FINE KATUN | M2: 279900 | N2: SP | O2: 199000 | P2: SPECIAL PRICE
A3: 2025 Woven Top (fine cotton) SP 199 | B3: ='2023 SP 79'!$B$2 -> 2026-03-20 | C3: ='2023 SP 79'!$C$2 -> 2026-04-01 | D3: 3328 | E3: 347 | F3: 5 | G3: 2 | I3: SUKO | J3: 45337162 | K3: S2L3A4J2 | L3: KEMEJA FINE KATUN LS LENGAN PANJANG S2L3A4J2:BLACK:M:SOLID:KEMEJA FINE KATUN | M3: 279900 | N3: SP | O3: 199000 | P3: SPECIAL PRICE
A4: 2025 Woven Top (fine cotton) SP 199 | B4: ='2023 SP 79'!$B$2 -> 2026-03-20 | C4: ='2023 SP 79'!$C$2 -> 2026-04-01 | D4: 3328 | E4: 347 | F4: 5 | G4: 2 | I4: SUKO | J4: 45337171 | K4: S2L3A4J2 | L4: KEMEJA FINE KATUN LS LENGAN PANJANG S2L3A4J2:BLACK:L:SOLID:KEMEJA FINE KATUN | M4: 279900 | N4: SP | O4: 199000 | P4: SPECIAL PRICE
A5: 2025 Woven Top (fine cotton) SP 199 | B5: ='2023 SP 79'!$B$2 -> 2026-03-20 | C5: ='2023 SP 79'!$C$2 -> 2026-04-01 | D5: 3328 | E5: 347 | F5: 5 | G5: 2 | I5: SUKO | J5: 45337180 | K5: S2L3A4J2 | L5: KEMEJA FINE KATUN LS LENGAN PANJANG S2L3A4J2:BLACK:XL:SOLID:KEMEJA FINE KATUN | M5: 279900 | N5: SP | O5: 199000 | P5: SPECIAL PRICE
A6: 2025 Woven Top (fine cotton) SP 199 | B6: ='2023 SP 79'!$B$2 -> 2026-03-20 | C6: ='2023 SP 79'!$C$2 -> 2026-04-01 | D6: 3328 | E6: 347 | F6: 5 | G6: 2 | I6: SUKO | J6: 45337117 | K6: S2L3A4J2 | L6: KEMEJA FINE KATUN LS LENGAN PANJANG S2L3A4J2:WHITE:S:SOLID:KEMEJA FINE KATUN | M6: 279900 | N6: SP | O6: 199000 | P6: SPECIAL PRICE
A7: 2025 Woven Top (fine cotton) SP 199 | B7: ='2023 SP 79'!$B$2 -> 2026-03-20 | C7: ='2023 SP 79'!$C$2 -> 2026-04-01 | D7: 3328 | E7: 347 | F7: 5 | G7: 2 | I7: SUKO | J7: 45337126 | K7: S2L3A4J2 | L7: KEMEJA FINE KATUN LS LENGAN PANJANG S2L3A4J2:WHITE:M:SOLID:KEMEJA FINE KATUN | M7: 279900 | N7: SP | O7: 199000 | P7: SPECIAL PRICE
A8: 2025 Woven Top (fine cotton) SP 199 | B8: ='2023 SP 79'!$B$2 -> 2026-03-20 | C8: ='2023 SP 79'!$C$2 -> 2026-04-01 | D8: 3328 | E8: 347 | F8: 5 | G8: 2 | I8: SUKO | J8: 45337135 | K8: S2L3A4J2 | L8: KEMEJA FINE KATUN LS LENGAN PANJANG S2L3A4J2:WHITE:L:SOLID:KEMEJA FINE KATUN | M8: 279900 | N8: SP | O8: 199000 | P8: SPECIAL PRICE
A9: 2025 Woven Top (fine cotton) SP 199 | B9: ='2023 SP 79'!$B$2 -> 2026-03-20 | C9: ='2023 SP 79'!$C$2 -> 2026-04-01 | D9: 3328 | E9: 347 | F9: 5 | G9: 2 | I9: SUKO | J9: 45337144 | K9: S2L3A4J2 | L9: KEMEJA FINE KATUN LS LENGAN PANJANG S2L3A4J2:WHITE:XL:SOLID:KEMEJA FINE KATUN | M9: 279900 | N9: SP | O9: 199000 | P9: SPECIAL PRICE
A10: 2025 Woven Top (fine cotton) SP 199 | B10: ='2023 SP 79'!$B$2 -> 2026-03-20 | C10: ='2023 SP 79'!$C$2 -> 2026-04-01 | D10: 3328 | E10: 347 | F10: 5 | G10: 2 | I10: SUKO | J10: 45337073 | K10: S2L3A4J2 | L10: KEMEJA FINE KATUN LS LENGAN PANJANG S2L3A4J2:DUSTY PINK:S:SOLID:KEMEJA FINE KATUN | M10: 279900 | N10: SP | O10: 199000 | P10: SPECIAL PRICE
A11: 2025 Woven Top (fine cotton) SP 199 | B11: ='2023 SP 79'!$B$2 -> 2026-03-20 | C11: ='2023 SP 79'!$C$2 -> 2026-04-01 | D11: 3328 | E11: 347 | F11: 5 | G11: 2 | I11: SUKO | J11: 45337082 | K11: S2L3A4J2 | L11: KEMEJA FINE KATUN LS LENGAN PANJANG S2L3A4J2:DUSTY PINK:M:SOLID:KEMEJA FINE KATUN | M11: 279900 | N11: SP | O11: 199000 | P11: SPECIAL PRICE
A12: 2025 Woven Top (fine cotton) SP 199 | B12: ='2023 SP 79'!$B$2 -> 2026-03-20 | C12: ='2023 SP 79'!$C$2 -> 2026-04-01 | D12: 3328 | E12: 347 | F12: 5 | G12: 2 | I12: SUKO | J12: 45337091 | K12: S2L3A4J2 | L12: KEMEJA FINE KATUN LS LENGAN PANJANG S2L3A4J2:DUSTY PINK:L:SOLID:KEMEJA FINE KATUN | M12: 279900 | N12: SP | O12: 199000 | P12: SPECIAL PRICE
A13: 2025 Woven Top (fine cotton) SP 199 | B13: ='2023 SP 79'!$B$2 -> 2026-03-20 | C13: ='2023 SP 79'!$C$2 -> 2026-04-01 | D13: 3328 | E13: 347 | F13: 5 | G13: 2 | I13: SUKO | J13: 45337108 | K13: S2L3A4J2 | L13: KEMEJA FINE KATUN LS LENGAN PANJANG S2L3A4J2:DUSTY PINK:XL:SOLID:KEMEJA FINE KATUN | M13: 279900 | N13: SP | O13: 199000 | P13: SPECIAL PRICE
... A21: 2025 Woven Top (fine cotton) SP 199 | B21: ='2023 SP 79'!$B$2 -> 2026-03-20 | C21: ='2023 SP 79'!$C$2 -> 2026-04-01 | D21: 3328 | E21: 347 | F21: 5 | G21: 2 | I21: SUKO | J21: 45337046 | K21: S2L3B4J2 | L21: KEMEJA FINE KATUN GARIS LS LENGAN PANJANG S2L3B4J2:PASTEL BLUE:M:STRIPES:KEMEJA FINE KATUN GARIS | M21: 279900 | N21: SP | O21: 199000 | P21: SPECIAL PRICE

Sheet 2025 H1 SP 159
A1: ACARA | B1: FROM DATE | C1: TO DATE | D1: DEPT | E1: WORLD | F1: DIVISION | G1: CLASS | H1: SUPPLIER | I1: BRAND | J1: SKU | K1: ARTICLE | L1: DESCRIPTION | M1: HARGA NORMAL | N1: DISKON | O1: HARGA PROMO | P1: DISCOUNT TYPE
A2: 2025 H1 Woven Top, Woven Bottom, Dress SP 159 | B2: ='2023 SP 79'!$B$2 -> 2026-03-20 | C2: ='2023 SP 79'!$C$2 -> 2026-04-01 | D2: 3328 | E2: 347 | F2: 5 | G2: 2 | I2: SUKO | J2: 51715956 | K2: S2L535A2 | L2: KEMEJA OXFORD OVERSIZED LENGAN PANJANG S2L535A2:FROST GREY:M:SOLID:KEMEJA OXFORD OVERSIZED | M2: 249900 | N2: SP | O2: 159000 | P2: SPECIAL PRICE
A3: 2025 H1 Woven Top, Woven Bottom, Dress SP 159 | B3: ='2023 SP 79'!$B$2 -> 2026-03-20 | C3: ='2023 SP 79'!$C$2 -> 2026-04-01 | D3: 3328 | E3: 347 | F3: 5 | G3: 2 | I3: SUKO | J3: 51715876 | K3: S2L535A2 | L3: KEMEJA OXFORD OVERSIZED LENGAN PANJANG S2L535A2:PASTEL GREY:M:SOLID:KEMEJA OXFORD OVERSIZED | M3: 249900 | N3: SP | O3: 159000 | P3: SPECIAL PRICE
A4: 2025 H1 Woven Top, Woven Bottom, Dress SP 159 | B4: ='2023 SP 79'!$B$2 -> 2026-03-20 | C4: ='2023 SP 79'!$C$2 -> 2026-04-01 | D4: 3328 | E4: 347 | F4: 5 | G4: 2 | I4: SUKO | J4: 51715830 | K4: S2L535A2 | L4: KEMEJA OXFORD OVERSIZED LENGAN PANJANG S2L535A2:WHITE:M:SOLID:KEMEJA OXFORD OVERSIZED | M4: 249900 | N4: SP | O4: 159000 | P4: SPECIAL PRICE
A5: 2025 H1 Woven Top, Woven Bottom, Dress SP 159 | B5: ='2023 SP 79'!$B$2 -> 2026-03-20 | C5: ='2023 SP 79'!$C$2 -> 2026-04-01 | D5: 3328 | E5: 347 | F5: 5 | G5: 2 | I5: SUKO | J5: 51715910 | K5: S2L535A2 | L5: KEMEJA OXFORD OVERSIZED LENGAN PANJANG S2L535A2:SUNSHINE YELLOW:M:SOLID:KEMEJA OXFORD OVERSIZED | M5: 249900 | N5: SP | O5: 159000 | P5: SPECIAL PRICE
A6: 2025 H1 Woven Top, Woven Bottom, Dress SP 159 | B6: ='2023 SP 79'!$B$2 -> 2026-03-20 | C6: ='2023 SP 79'!$C$2 -> 2026-04-01 | D6: 3328 | E6: 347 | F6: 5 | G6: 2 | I6: SUKO | J6: 51715821 | K6: S2L535A2 | L6: KEMEJA OXFORD OVERSIZED LENGAN PANJANG S2L535A2:WHITE:S:SOLID:KEMEJA OXFORD OVERSIZED | M6: 249900 | N6: SP | O6: 159000 | P6: SPECIAL PRICE
A7: 2025 H1 Woven Top, Woven Bottom, Dress SP 159 | B7: ='2023 SP 79'!$B$2 -> 2026-03-20 | C7: ='2023 SP 79'!$C$2 -> 2026-04-01 | D7: 3328 | E7: 347 | F7: 5 | G7: 2 | I7: SUKO | J7: 51715849 | K7: S2L535A2 | L7: KEMEJA OXFORD OVERSIZED LENGAN PANJANG S2L535A2:WHITE:L:SOLID:KEMEJA OXFORD OVERSIZED | M7: 249900 | N7: SP | O7: 159000 | P7: SPECIAL PRICE
A8: 2025 H1 Woven Top, Woven Bottom, Dress SP 159 | B8: ='2023 SP 79'!$B$2 -> 2026-03-20 | C8: ='2023 SP 79'!$C$2 -> 2026-04-01 | D8: 3328 | E8: 347 | F8: 5 | G8: 2 | I8: SUKO | J8: 51715858 | K8: S2L535A2 | L8: KEMEJA OXFORD OVERSIZED LENGAN PANJANG S2L535A2:WHITE:XL:SOLID:KEMEJA OXFORD OVERSIZED | M8: 249900 | N8: SP | O8: 159000 | P8: SPECIAL PRICE
A9: 2025 H1 Woven Top, Woven Bottom, Dress SP 159 | B9: ='2023 SP 79'!$B$2 -> 2026-03-20 | C9: ='2023 SP 79'!$C$2 -> 2026-04-01 | D9: 3328 | E9: 347 | F9: 5 | G9: 2 | I9: SUKO | J9: 51715867 | K9: S2L535A2 | L9: KEMEJA OXFORD OVERSIZED LENGAN PANJANG S2L535A2:PASTEL GREY:S:SOLID:KEMEJA OXFORD OVERSIZED | M9: 249900 | N9: SP | O9: 159000 | P9: SPECIAL PRICE
A10: 2025 H1 Woven Top, Woven Bottom, Dress SP 159 | B10: ='2023 SP 79'!$B$2 -> 2026-03-20 | C10: ='2023 SP 79'!$C$2 -> 2026-04-01 | D10: 3328 | E10: 347 | F10: 5 | G10: 2 | I10: SUKO | J10: 51715885 | K10: S2L535A2 | L10: KEMEJA OXFORD OVERSIZED LENGAN PANJANG S2L535A2:PASTEL GREY:L:SOLID:KEMEJA OXFORD OVERSIZED | M10: 249900 | N10: SP | O10: 159000 | P10: SPECIAL PRICE
A11: 2025 H1 Woven Top, Woven Bottom, Dress SP 159 | B11: ='2023 SP 79'!$B$2 -> 2026-03-20 | C11: ='2023 SP 79'!$C$2 -> 2026-04-01 | D11: 3328 | E11: 347 | F11: 5 | G11: 2 | I11: SUKO | J11: 51715894 | K11: S2L535A2 | L11: KEMEJA OXFORD OVERSIZED LENGAN PANJANG S2L535A2:PASTEL GREY:XL:SOLID:KEMEJA OXFORD OVERSIZED | M11: 249900 | N11: SP | O11: 159000 | P11: SPECIAL PRICE
A12: 2025 H1 Woven Top, Woven Bottom, Dress SP 159 | B12: ='2023 SP 79'!$B$2 -> 2026-03-20 | C12: ='2023 SP 79'!$C$2 -> 2026-04-01 | D12: 3328 | E12: 347 | F12: 5 | G12: 2 | I12: SUKO | J12: 51715901 | K12: S2L535A2 | L12: KEMEJA OXFORD OVERSIZED LENGAN PANJANG S2L535A2:SUNSHINE YELLOW:S:SOLID:KEMEJA OXFORD OVERSIZED | M12: 249900 | N12: SP | O12: 159000 | P12: SPECIAL PRICE
A13: 2025 H1 Woven Top, Woven Bottom, Dress SP 159 | B13: ='2023 SP 79'!$B$2 -> 2026-03-20 | C13: ='2023 SP 79'!$C$2 -> 2026-04-01 | D13: 3328 | E13: 347 | F13: 5 | G13: 2 | I13: SUKO | J13: 51715929 | K13: S2L535A2 | L13: KEMEJA OXFORD OVERSIZED LENGAN PANJANG S2L535A2:SUNSHINE YELLOW:L:SOLID:KEMEJA OXFORD OVERSIZED | M13: 249900 | N13: SP | O13: 159000 | P13: SPECIAL PRICE
... A81: 2025 H1 Woven Top, Woven Bottom, Dress SP 159 | B81: ='2023 SP 79'!$B$2 -> 2026-03-20 | C81: ='2023 SP 79'!$C$2 -> 2026-04-01 | D81: 3328 | E81: 347 | F81: 5 | G81: 5 | I81: SUKO | J81: 22433225 | K81: W2L374G3 | L81: CELANA PANJANG BALON W2L374G3:VANILLA:XL:SOLID:CELANA PANJANG BALON | M81: 249900 | N81: SP | O81: 159000 | P81: SPECIAL PRICE

Sheet 2025 H1 SP 199
A1: ACARA | B1: FROM DATE | C1: TO DATE | D1: DEPT | E1: WORLD | F1: DIVISION | G1: CLASS | H1: SUPPLIER | I1: BRAND | J1: SKU | K1: ARTICLE | L1: DESCRIPTION | M1: HARGA NORMAL | N1: DISKON | O1: HARGA PROMO | P1: DISCOUNT TYPE
A2: 2024-2025 Woven Top, Outerwear, Woven Bottom, Dress SP 199 | B2: ='2023 SP 79'!$B$2 -> 2026-03-20 | C2: ='2023 SP 79'!$C$2 -> 2026-04-01 | D2: 3328 | E2: 347 | F2: 5 | G2: 3 | I2: SUKO | J2: 51716795 | K2: O2L605A8 | L2: JAKET CARDIGAN RIP LENGAN PANJANG O2L605A8:BLACK:S:SOLID:JAKET CARDIGAN RIP | M2: 249900 | N2: SP | O2: 199000 | P2: SPECIAL PRICE
A3: 2024-2025 Woven Top, Outerwear, Woven Bottom, Dress SP 199 | B3: ='2023 SP 79'!$B$2 -> 2026-03-20 | C3: ='2023 SP 79'!$C$2 -> 2026-04-01 | D3: 3328 | E3: 347 | F3: 5 | G3: 3 | I3: SUKO | J3: 51716802 | K3: O2L605A8 | L3: JAKET CARDIGAN RIP LENGAN PANJANG O2L605A8:BLACK:M:SOLID:JAKET CARDIGAN RIP | M3: 249900 | N3: SP | O3: 199000 | P3: SPECIAL PRICE
A4: 2024-2025 Woven Top, Outerwear, Woven Bottom, Dress SP 199 | B4: ='2023 SP 79'!$B$2 -> 2026-03-20 | C4: ='2023 SP 79'!$C$2 -> 2026-04-01 | D4: 3328 | E4: 347 | F4: 5 | G4: 3 | I4: SUKO | J4: 51716811 | K4: O2L605A8 | L4: JAKET CARDIGAN RIP LENGAN PANJANG O2L605A8:BLACK:L/XL:SOLID:JAKET CARDIGAN RIP | M4: 249900 | N4: SP | O4: 199000 | P4: SPECIAL PRICE
A5: 2024-2025 Woven Top, Outerwear, Woven Bottom, Dress SP 199 | B5: ='2023 SP 79'!$B$2 -> 2026-03-20 | C5: ='2023 SP 79'!$C$2 -> 2026-04-01 | D5: 3328 | E5: 347 | F5: 5 | G5: 3 | I5: SUKO | J5: 51716857 | K5: O2L605A8 | L5: JAKET CARDIGAN RIP LENGAN PANJANG O2L605A8:MISTY LIGHT GREY:S:SOLID:JAKET CARDIGAN RIP | M5: 249900 | N5: SP | O5: 199000 | P5: SPECIAL PRICE
A6: 2024-2025 Woven Top, Outerwear, Woven Bottom, Dress SP 199 | B6: ='2023 SP 79'!$B$2 -> 2026-03-20 | C6: ='2023 SP 79'!$C$2 -> 2026-04-01 | D6: 3328 | E6: 347 | F6: 5 | G6: 3 | I6: SUKO | J6: 51716866 | K6: O2L605A8 | L6: JAKET CARDIGAN RIP LENGAN PANJANG O2L605A8:MISTY LIGHT GREY:M:SOLID:JAKET CARDIGAN RIP | M6: 249900 | N6: SP | O6: 199000 | P6: SPECIAL PRICE
A7: 2024-2025 Woven Top, Outerwear, Woven Bottom, Dress SP 199 | B7: ='2023 SP 79'!$B$2 -> 2026-03-20 | C7: ='2023 SP 79'!$C$2 -> 2026-04-01 | D7: 3328 | E7: 347 | F7: 5 | G7: 3 | I7: SUKO | J7: 51716875 | K7: O2L605A8 | L7: JAKET CARDIGAN RIP LENGAN PANJANG O2L605A8:MISTY LIGHT GREY:L/XL:SOLID:JAKET CARDIGAN RIP | M7: 249900 | N7: SP | O7: 199000 | P7: SPECIAL PRICE
A8: 2024-2025 Woven Top, Outerwear, Woven Bottom, Dress SP 199 | B8: ='2023 SP 79'!$B$2 -> 2026-03-20 | C8: ='2023 SP 79'!$C$2 -> 2026-04-01 | D8: 3328 | E8: 347 | F8: 5 | G8: 3 | I8: SUKO | J8: 51716820 | K8: O2L605A8 | L8: JAKET CARDIGAN RIP LENGAN PANJANG O2L605A8:SUNSHINE YELLOW:S:SOLID:JAKET CARDIGAN RIP | M8: 249900 | N8: SP | O8: 199000 | P8: SPECIAL PRICE
A9: 2024-2025 Woven Top, Outerwear, Woven Bottom, Dress SP 199 | B9: ='2023 SP 79'!$B$2 -> 2026-03-20 | C9: ='2023 SP 79'!$C$2 -> 2026-04-01 | D9: 3328 | E9: 347 | F9: 5 | G9: 3 | I9: SUKO | J9: 51716839 | K9: O2L605A8 | L9: JAKET CARDIGAN RIP LENGAN PANJANG O2L605A8:SUNSHINE YELLOW:M:SOLID:JAKET CARDIGAN RIP | M9: 249900 | N9: SP | O9: 199000 | P9: SPECIAL PRICE
A10: 2024-2025 Woven Top, Outerwear, Woven Bottom, Dress SP 199 | B10: ='2023 SP 79'!$B$2 -> 2026-03-20 | C10: ='2023 SP 79'!$C$2 -> 2026-04-01 | D10: 3328 | E10: 347 | F10: 5 | G10: 3 | I10: SUKO | J10: 51716848 | K10: O2L605A8 | L10: JAKET CARDIGAN RIP LENGAN PANJANG O2L605A8:SUNSHINE YELLOW:L/XL:SOLID:JAKET CARDIGAN RIP | M10: 249900 | N10: SP | O10: 199000 | P10: SPECIAL PRICE
A11: 2024-2025 Woven Top, Outerwear, Woven Bottom, Dress SP 199 | B11: ='2023 SP 79'!$B$2 -> 2026-03-20 | C11: ='2023 SP 79'!$C$2 -> 2026-04-01 | D11: 3328 | E11: 347 | F11: 5 | G11: 3 | I11: SUKO | J11: 51716768 | K11: O2L605A8 | L11: JAKET CARDIGAN RIP LENGAN PANJANG O2L605A8:DUSTY PINK:S:SOLID:JAKET CARDIGAN RIP | M11: 249900 | N11: SP | O11: 199000 | P11: SPECIAL PRICE
A12: 2024-2025 Woven Top, Outerwear, Woven Bottom, Dress SP 199 | B12: ='2023 SP 79'!$B$2 -> 2026-03-20 | C12: ='2023 SP 79'!$C$2 -> 2026-04-01 | D12: 3328 | E12: 347 | F12: 5 | G12: 3 | I12: SUKO | J12: 51716777 | K12: O2L605A8 | L12: JAKET CARDIGAN RIP LENGAN PANJANG O2L605A8:DUSTY PINK:M:SOLID:JAKET CARDIGAN RIP | M12: 249900 | N12: SP | O12: 199000 | P12: SPECIAL PRICE
A13: 2024-2025 Woven Top, Outerwear, Woven Bottom, Dress SP 199 | B13: ='2023 SP 79'!$B$2 -> 2026-03-20 | C13: ='2023 SP 79'!$C$2 -> 2026-04-01 | D13: 3328 | E13: 347 | F13: 5 | G13: 3 | I13: SUKO | J13: 51716786 | K13: O2L605A8 | L13: JAKET CARDIGAN RIP LENGAN PANJANG O2L605A8:DUSTY PINK:L/XL:SOLID:JAKET CARDIGAN RIP | M13: 249900 | N13: SP | O13: 199000 | P13: SPECIAL PRICE
... A97: 2024-2025 Woven Top, Outerwear, Woven Bottom, Dress SP 199 | B97: ='2023 SP 79'!$B$2 -> 2026-03-20 | C97: ='2023 SP 79'!$C$2 -> 2026-04-01 | D97: 3328 | E97: 347 | F97: 5 | G97: 8 | I97: SUKO | J97: 54636330 | K97: W3L154A3 | L97: ROK WOVEN SKIRT BOTTOM MIDI W3L154A3:PASTEL LAVENDER:XL:SOLID:ROK WOVEN | M97: 259900 | N97: SP | O97: 199000 | P97: SPECIAL PRICE

Sheet 2025 H1 SP 229
A1: ACARA | B1: FROM DATE | C1: TO DATE | D1: DEPT | E1: WORLD | F1: DIVISION | G1: CLASS | H1: SUPPLIER | I1: BRAND | J1: SKU | K1: ARTICLE | L1: DESCRIPTION | M1: HARGA NORMAL | N1: DISKON | O1: HARGA PROMO | P1: DISCOUNT TYPE
A2: 2025 H1 Woven Top, Woven Bottom, Dress SP 229 | B2: ='2023 SP 79'!$B$2 -> 2026-03-20 | C2: ='2023 SP 79'!$C$2 -> 2026-04-01 | D2: 3328 | E2: 347 | F2: 5 | G2: 5 | I2: SUKO | J2: 53809208 | K2: W3L6A5D5 | L2: ROK PARASUT WOVEN BOTTOM SKIRT MIDI W3L6A5D5:VANILLA:XL:SOLID:ROK PARASUT | M2: 259900 | N2: SP | O2: 229000 | P2: SPECIAL PRICE
A3: 2025 H1 Woven Top, Woven Bottom, Dress SP 229 | B3: ='2023 SP 79'!$B$2 -> 2026-03-20 | C3: ='2023 SP 79'!$C$2 -> 2026-04-01 | D3: 3328 | E3: 347 | F3: 5 | G3: 5 | I3: SUKO | J3: 53809182 | K3: W3L6A5D5 | L3: ROK PARASUT WOVEN BOTTOM SKIRT MIDI W3L6A5D5:VANILLA:M:SOLID:ROK PARASUT | M3: 259900 | N3: SP | O3: 229000 | P3: SPECIAL PRICE
A4: 2025 H1 Woven Top, Woven Bottom, Dress SP 229 | B4: ='2023 SP 79'!$B$2 -> 2026-03-20 | C4: ='2023 SP 79'!$C$2 -> 2026-04-01 | D4: 3328 | E4: 347 | F4: 5 | G4: 5 | I4: SUKO | J4: 53809191 | K4: W3L6A5D5 | L4: ROK PARASUT WOVEN BOTTOM SKIRT MIDI W3L6A5D5:VANILLA:L:SOLID:ROK PARASUT | M4: 259900 | N4: SP | O4: 229000 | P4: SPECIAL PRICE
A5: 2025 H1 Woven Top, Woven Bottom, Dress SP 229 | B5: ='2023 SP 79'!$B$2 -> 2026-03-20 | C5: ='2023 SP 79'!$C$2 -> 2026-04-01 | D5: 3328 | E5: 347 | F5: 5 | G5: 5 | I5: SUKO | J5: 53809011 | K5: W3L6A5D5 | L5: ROK PARASUT WOVEN BOTTOM SKIRT MIDI W3L6A5D5:BLACK:S:SOLID:ROK PARASUT | M5: 259900 | N5: SP | O5: 229000 | P5: SPECIAL PRICE
A6: 2025 H1 Woven Top, Woven Bottom, Dress SP 229 | B6: ='2023 SP 79'!$B$2 -> 2026-03-20 | C6: ='2023 SP 79'!$C$2 -> 2026-04-01 | D6: 3328 | E6: 347 | F6: 5 | G6: 5 | I6: SUKO | J6: 53809020 | K6: W3L6A5D5 | L6: ROK PARASUT WOVEN BOTTOM SKIRT MIDI W3L6A5D5:BLACK:M:SOLID:ROK PARASUT | M6: 259900 | N6: SP | O6: 229000 | P6: SPECIAL PRICE
A7: 2025 H1 Woven Top, Woven Bottom, Dress SP 229 | B7: ='2023 SP 79'!$B$2 -> 2026-03-20 | C7: ='2023 SP 79'!$C$2 -> 2026-04-01 | D7: 3328 | E7: 347 | F7: 5 | G7: 5 | I7: SUKO | J7: 53809039 | K7: W3L6A5D5 | L7: ROK PARASUT WOVEN BOTTOM SKIRT MIDI W3L6A5D5:BLACK:L:SOLID:ROK PARASUT | M7: 259900 | N7: SP | O7: 229000 | P7: SPECIAL PRICE
A8: 2025 H1 Woven Top, Woven Bottom, Dress SP 229 | B8: ='2023 SP 79'!$B$2 -> 2026-03-20 | C8: ='2023 SP 79'!$C$2 -> 2026-04-01 | D8: 3328 | E8: 347 | F8: 5 | G8: 5 | I8: SUKO | J8: 53809048 | K8: W3L6A5D5 | L8: ROK PARASUT WOVEN BOTTOM SKIRT MIDI W3L6A5D5:BLACK:XL:SOLID:ROK PARASUT | M8: 259900 | N8: SP | O8: 229000 | P8: SPECIAL PRICE
A9: 2025 H1 Woven Top, Woven Bottom, Dress SP 229 | B9: ='2023 SP 79'!$B$2 -> 2026-03-20 | C9: ='2023 SP 79'!$C$2 -> 2026-04-01 | D9: 3328 | E9: 347 | F9: 5 | G9: 5 | I9: SUKO | J9: 53809057 | K9: W3L6A5D5 | L9: ROK PARASUT WOVEN BOTTOM SKIRT MIDI W3L6A5D5:KHAKI:S:SOLID:ROK PARASUT | M9: 259900 | N9: SP | O9: 229000 | P9: SPECIAL PRICE
A10: 2025 H1 Woven Top, Woven Bottom, Dress SP 229 | B10: ='2023 SP 79'!$B$2 -> 2026-03-20 | C10: ='2023 SP 79'!$C$2 -> 2026-04-01 | D10: 3328 | E10: 347 | F10: 5 | G10: 5 | I10: SUKO | J10: 53809066 | K10: W3L6A5D5 | L10: ROK PARASUT WOVEN BOTTOM SKIRT MIDI W3L6A5D5:KHAKI:M:SOLID:ROK PARASUT | M10: 259900 | N10: SP | O10: 229000 | P10: SPECIAL PRICE
A11: 2025 H1 Woven Top, Woven Bottom, Dress SP 229 | B11: ='2023 SP 79'!$B$2 -> 2026-03-20 | C11: ='2023 SP 79'!$C$2 -> 2026-04-01 | D11: 3328 | E11: 347 | F11: 5 | G11: 5 | I11: SUKO | J11: 53809075 | K11: W3L6A5D5 | L11: ROK PARASUT WOVEN BOTTOM SKIRT MIDI W3L6A5D5:KHAKI:L:SOLID:ROK PARASUT | M11: 259900 | N11: SP | O11: 229000 | P11: SPECIAL PRICE
A12: 2025 H1 Woven Top, Woven Bottom, Dress SP 229 | B12: ='2023 SP 79'!$B$2 -> 2026-03-20 | C12: ='2023 SP 79'!$C$2 -> 2026-04-01 | D12: 3328 | E12: 347 | F12: 5 | G12: 5 | I12: SUKO | J12: 53809084 | K12: W3L6A5D5 | L12: ROK PARASUT WOVEN BOTTOM SKIRT MIDI W3L6A5D5:KHAKI:XL:SOLID:ROK PARASUT | M12: 259900 | N12: SP | O12: 229000 | P12: SPECIAL PRICE
A13: 2025 H1 Woven Top, Woven Bottom, Dress SP 229 | B13: ='2023 SP 79'!$B$2 -> 2026-03-20 | C13: ='2023 SP 79'!$C$2 -> 2026-04-01 | D13: 3328 | E13: 347 | F13: 5 | G13: 5 | I13: SUKO | J13: 53809093 | K13: W3L6A5D5 | L13: ROK PARASUT WOVEN BOTTOM SKIRT MIDI W3L6A5D5:PASTEL PINK:S:SOLID:ROK PARASUT | M13: 259900 | N13: SP | O13: 229000 | P13: SPECIAL PRICE
... A21: 2025 H1 Woven Top, Woven Bottom, Dress SP 229 | B21: ='2023 SP 79'!$B$2 -> 2026-03-20 | C21: ='2023 SP 79'!$C$2 -> 2026-04-01 | D21: 3328 | E21: 347 | F21: 5 | G21: 5 | I21: SUKO | J21: 53809173 | K21: W3L6A5D5 | L21: ROK PARASUT WOVEN BOTTOM SKIRT MIDI W3L6A5D5:VANILLA:S:SOLID:ROK PARASUT | M21: 259900 | N21: SP | O21: 229000 | P21: SPECIAL PRICE

Sheet 2025 H1 SP249
A1: ACARA | B1: FROM DATE | C1: TO DATE | D1: DEPT | E1: WORLD | F1: DIVISION | G1: CLASS | H1: SUPPLIER | I1: BRAND | J1: SKU | K1: ARTICLE | L1: DESCRIPTION | M1: HARGA NORMAL | N1: DISKON | O1: HARGA PROMO | P1: DISCOUNT TYPE
A2: 2025 H1 Outerwear SP249 | B2: 2026-03-05 | C2: 2026-03-11 | D2: 3328 | E2: 347 | F2: 5 | G2: 3 | I2: SUKO | J2: 51716384 | K2: O2L575A8 | L2: JAKET CARDIGAN TEXTURE LENGAN PANJANG O2L575A8:MUSTARD:S:TEXTURE:JAKET CARDIGAN TEXTURE | M2: 299900 | N2: SP | O2: 249000 | P2: SPECIAL PRICE
A3: 2025 H1 Outerwear SP249 | B3: 2026-03-05 | C3: 2026-03-11 | D3: 3328 | E3: 347 | F3: 5 | G3: 3 | I3: SUKO | J3: 51716393 | K3: O2L575A8 | L3: JAKET CARDIGAN TEXTURE LENGAN PANJANG O2L575A8:MUSTARD:M:TEXTURE:JAKET CARDIGAN TEXTURE | M3: 299900 | N3: SP | O3: 249000 | P3: SPECIAL PRICE
A4: 2025 H1 Outerwear SP249 | B4: 2026-03-05 | C4: 2026-03-11 | D4: 3328 | E4: 347 | F4: 5 | G4: 3 | I4: SUKO | J4: 51716400 | K4: O2L575A8 | L4: JAKET CARDIGAN TEXTURE LENGAN PANJANG O2L575A8:MUSTARD:L/XL:TEXTURE:JAKET CARDIGAN TEXTURE | M4: 299900 | N4: SP | O4: 249000 | P4: SPECIAL PRICE
A5: 2025 H1 Outerwear SP249 | B5: 2026-03-05 | C5: 2026-03-11 | D5: 3328 | E5: 347 | F5: 5 | G5: 3 | I5: SUKO | J5: 51716419 | K5: O2L575A8 | L5: JAKET CARDIGAN TEXTURE LENGAN PANJANG O2L575A8:NAVY BLUE:S:TEXTURE:JAKET CARDIGAN TEXTURE | M5: 299900 | N5: SP | O5: 249000 | P5: SPECIAL PRICE
A6: 2025 H1 Outerwear SP249 | B6: 2026-03-05 | C6: 2026-03-11 | D6: 3328 | E6: 347 | F6: 5 | G6: 3 | I6: SUKO | J6: 51716428 | K6: O2L575A8 | L6: JAKET CARDIGAN TEXTURE LENGAN PANJANG O2L575A8:NAVY BLUE:M:TEXTURE:JAKET CARDIGAN TEXTURE | M6: 299900 | N6: SP | O6: 249000 | P6: SPECIAL PRICE
A7: 2025 H1 Outerwear SP249 | B7: 2026-03-05 | C7: 2026-03-11 | D7: 3328 | E7: 347 | F7: 5 | G7: 3 | I7: SUKO | J7: 51716437 | K7: O2L575A8 | L7: JAKET CARDIGAN TEXTURE LENGAN PANJANG O2L575A8:NAVY BLUE:L/XL:TEXTURE:JAKET CARDIGAN TEXTURE | M7: 299900 | N7: SP | O7: 249000 | P7: SPECIAL PRICE
A8: 2025 H1 Outerwear SP249 | B8: 2026-03-05 | C8: 2026-03-11 | D8: 3328 | E8: 347 | F8: 5 | G8: 3 | I8: SUKO | J8: 51716357 | K8: O2L575A8 | L8: JAKET CARDIGAN TEXTURE LENGAN PANJANG O2L575A8:VANILLA:S:TEXTURE:JAKET CARDIGAN TEXTURE | M8: 299900 | N8: SP | O8: 249000 | P8: SPECIAL PRICE
A9: 2025 H1 Outerwear SP249 | B9: 2026-03-05 | C9: 2026-03-11 | D9: 3328 | E9: 347 | F9: 5 | G9: 3 | I9: SUKO | J9: 51716366 | K9: O2L575A8 | L9: JAKET CARDIGAN TEXTURE LENGAN PANJANG O2L575A8:VANILLA:M:TEXTURE:JAKET CARDIGAN TEXTURE | M9: 299900 | N9: SP | O9: 249000 | P9: SPECIAL PRICE
A10: 2025 H1 Outerwear SP249 | B10: 2026-03-05 | C10: 2026-03-11 | D10: 3328 | E10: 347 | F10: 5 | G10: 3 | I10: SUKO | J10: 51716375 | K10: O2L575A8 | L10: JAKET CARDIGAN TEXTURE LENGAN PANJANG O2L575A8:VANILLA:L/XL:TEXTURE:JAKET CARDIGAN TEXTURE | M10: 299900 | N10: SP | O10: 249000 | P10: SPECIAL PRICE

Sheet 2025 H1 SP329
A1: ACARA | B1: FROM DATE | C1: TO DATE | D1: DEPT | E1: WORLD | F1: DIVISION | G1: CLASS | H1: SUPPLIER | I1: BRAND | J1: SKU | K1: ARTICLE | L1: DESCRIPTION | M1: HARGA NORMAL | N1: DISKON | O1: HARGA PROMO | P1: DISCOUNT TYPE
A2: 2025 H1 Denim Bottom SP 329 | B2: 2025-11-27 | C2: 2025-12-03 | D2: 3328 | E2: 347 | F2: 5 | G2: 4 | I2: SUKO | J2: 45424120 | K2: D2L4A4J4 | L2: CELANA PANJANG JEANS JERSEY D2L4A4J4:DARK DENIM:S:SOLID:CELANA PANJANG JEANS | M2: 349900 | N2: SP | O2: 329000 | P2: SPECIAL PRICE
A3: 2025 H1 Denim Bottom SP 329 | B3: 2025-11-27 | C3: 2025-12-03 | D3: 3328 | E3: 347 | F3: 5 | G3: 4 | I3: SUKO | J3: 45424139 | K3: D2L4A4J4 | L3: CELANA PANJANG JEANS JERSEY D2L4A4J4:DARK DENIM:M:SOLID:CELANA PANJANG JEANS | M3: 349900 | N3: SP | O3: 329000 | P3: SPECIAL PRICE
A4: 2025 H1 Denim Bottom SP 329 | B4: 2025-11-27 | C4: 2025-12-03 | D4: 3328 | E4: 347 | F4: 5 | G4: 4 | I4: SUKO | J4: 45424148 | K4: D2L4A4J4 | L4: CELANA PANJANG JEANS JERSEY D2L4A4J4:DARK DENIM:L:SOLID:CELANA PANJANG JEANS | M4: 349900 | N4: SP | O4: 329000 | P4: SPECIAL PRICE
A5: 2025 H1 Denim Bottom SP 329 | B5: 2025-11-27 | C5: 2025-12-03 | D5: 3328 | E5: 347 | F5: 5 | G5: 4 | I5: SUKO | J5: 45424157 | K5: D2L4A4J4 | L5: CELANA PANJANG JEANS JERSEY D2L4A4J4:DARK DENIM:XL:SOLID:CELANA PANJANG JEANS | M5: 349900 | N5: SP | O5: 329000 | P5: SPECIAL PRICE
A6: 2025 H1 Denim Bottom SP 329 | B6: 2025-11-27 | C6: 2025-12-03 | D6: 3328 | E6: 347 | F6: 5 | G6: 4 | I6: SUKO | J6: 45424166 | K6: D2L4B4J4 | L6: CELANA PANJANG JEANS JERSEY D2L4B4J4:MEDIUM DENIM:S:SOLID:CELANA PANJANG JEANS | M6: 349900 | N6: SP | O6: 329000 | P6: SPECIAL PRICE
A7: 2025 H1 Denim Bottom SP 329 | B7: 2025-11-27 | C7: 2025-12-03 | D7: 3328 | E7: 347 | F7: 5 | G7: 4 | I7: SUKO | J7: 45424175 | K7: D2L4B4J4 | L7: CELANA PANJANG JEANS JERSEY D2L4B4J4:MEDIUM DENIM:M:SOLID:CELANA PANJANG JEANS | M7: 349900 | N7: SP | O7: 329000 | P7: SPECIAL PRICE
A8: 2025 H1 Denim Bottom SP 329 | B8: 2025-11-27 | C8: 2025-12-03 | D8: 3328 | E8: 347 | F8: 5 | G8: 4 | I8: SUKO | J8: 45424184 | K8: D2L4B4J4 | L8: CELANA PANJANG JEANS JERSEY D2L4B4J4:MEDIUM DENIM:L:SOLID:CELANA PANJANG JEANS | M8: 349900 | N8: SP | O8: 329000 | P8: SPECIAL PRICE
A9: 2025 H1 Denim Bottom SP 329 | B9: 2025-11-27 | C9: 2025-12-03 | D9: 3328 | E9: 347 | F9: 5 | G9: 4 | I9: SUKO | J9: 45424193 | K9: D2L4B4J4 | L9: CELANA PANJANG JEANS JERSEY D2L4B4J4:MEDIUM DENIM:XL:SOLID:CELANA PANJANG JEANS | M9: 349900 | N9: SP | O9: 329000 | P9: SPECIAL PRICE

Sheet 2025 H1 NORMAL PRICE
A1: ACARA | B1: FROM DATE | C1: TO DATE | D1: DEPT | E1: WORLD | F1: DIVISION | G1: CLASS | H1: SUPPLIER | I1: BRAND | J1: SKU | K1: ARTICLE | L1: DESCRIPTION | M1: HARGA NORMAL | N1: DISKON | O1: HARGA PROMO | P1: DISCOUNT TYPE
A2: 2025 H1 Normal Price | B2: ='2023 SP 79'!$B$2 -> 2026-03-20 | C2: ='2023 SP 79'!$C$2 -> 2026-04-01 | D2: 3328 | E2: 347 | F2: 5 | G2: 1 | I2: SUKO | J2: 52417679 | K2: T1LEN15B4 | L2: T-SHIRT SS ROUND NECK T1LEN15B4:BLACK:S:SOLID:T-SHIRT | M2: 79900 | N2: 0 | O2: NORMAL PRICE | P2: AMOUNT
A3: 2025 H1 Normal Price | B3: ='2023 SP 79'!$B$2 -> 2026-03-20 | C3: ='2023 SP 79'!$C$2 -> 2026-04-01 | D3: 3328 | E3: 347 | F3: 5 | G3: 1 | I3: SUKO | J3: 52417688 | K3: T1LEN15B4 | L3: T-SHIRT SS ROUND NECK T1LEN15B4:BLACK:M:SOLID:T-SHIRT | M3: 79900 | N3: 0 | O3: NORMAL PRICE | P3: AMOUNT
A4: 2025 H1 Normal Price | B4: ='2023 SP 79'!$B$2 -> 2026-03-20 | C4: ='2023 SP 79'!$C$2 -> 2026-04-01 | D4: 3328 | E4: 347 | F4: 5 | G4: 1 | I4: SUKO | J4: 52417697 | K4: T1LEN15B4 | L4: T-SHIRT SS ROUND NECK T1LEN15B4:BLACK:L:SOLID:T-SHIRT | M4: 79900 | N4: 0 | O4: NORMAL PRICE | P4: AMOUNT
A5: 2025 H1 Normal Price | B5: ='2023 SP 79'!$B$2 -> 2026-03-20 | C5: ='2023 SP 79'!$C$2 -> 2026-04-01 | D5: 3328 | E5: 347 | F5: 5 | G5: 1 | I5: SUKO | J5: 52417704 | K5: T1LEN15B4 | L5: T-SHIRT SS ROUND NECK T1LEN15B4:BLACK:XL:SOLID:T-SHIRT | M5: 79900 | N5: 0 | O5: NORMAL PRICE | P5: AMOUNT
A6: 2025 H1 Normal Price | B6: ='2023 SP 79'!$B$2 -> 2026-03-20 | C6: ='2023 SP 79'!$C$2 -> 2026-04-01 | D6: 3328 | E6: 347 | F6: 5 | G6: 1 | I6: SUKO | J6: 52417839 | K6: T1LEN15B4 | L6: T-SHIRT SS ROUND NECK T1LEN15B4:KHAKI:S:SOLID:T-SHIRT | M6: 79900 | N6: 0 | O6: NORMAL PRICE | P6: AMOUNT
A7: 2025 H1 Normal Price | B7: ='2023 SP 79'!$B$2 -> 2026-03-20 | C7: ='2023 SP 79'!$C$2 -> 2026-04-01 | D7: 3328 | E7: 347 | F7: 5 | G7: 1 | I7: SUKO | J7: 52417848 | K7: T1LEN15B4 | L7: T-SHIRT SS ROUND NECK T1LEN15B4:KHAKI:M:SOLID:T-SHIRT | M7: 79900 | N7: 0 | O7: NORMAL PRICE | P7: AMOUNT
A8: 2025 H1 Normal Price | B8: ='2023 SP 79'!$B$2 -> 2026-03-20 | C8: ='2023 SP 79'!$C$2 -> 2026-04-01 | D8: 3328 | E8: 347 | F8: 5 | G8: 1 | I8: SUKO | J8: 52417857 | K8: T1LEN15B4 | L8: T-SHIRT SS ROUND NECK T1LEN15B4:KHAKI:L:SOLID:T-SHIRT | M8: 79900 | N8: 0 | O8: NORMAL PRICE | P8: AMOUNT
A9: 2025 H1 Normal Price | B9: ='2023 SP 79'!$B$2 -> 2026-03-20 | C9: ='2023 SP 79'!$C$2 -> 2026-04-01 | D9: 3328 | E9: 347 | F9: 5 | G9: 1 | I9: SUKO | J9: 52417866 | K9: T1LEN15B4 | L9: T-SHIRT SS ROUND NECK T1LEN15B4:KHAKI:XL:SOLID:T-SHIRT | M9: 79900 | N9: 0 | O9: NORMAL PRICE | P9: AMOUNT
A10: 2025 H1 Normal Price | B10: ='2023 SP 79'!$B$2 -> 2026-03-20 | C10: ='2023 SP 79'!$C$2 -> 2026-04-01 | D10: 3328 | E10: 347 | F10: 5 | G10: 1 | I10: SUKO | J10: 52417759 | K10: T1LEN15B4 | L10: T-SHIRT SS ROUND NECK T1LEN15B4:MAROON:S:SOLID:T-SHIRT | M10: 79900 | N10: 0 | O10: NORMAL PRICE | P10: AMOUNT
A11: 2025 H1 Normal Price | B11: ='2023 SP 79'!$B$2 -> 2026-03-20 | C11: ='2023 SP 79'!$C$2 -> 2026-04-01 | D11: 3328 | E11: 347 | F11: 5 | G11: 1 | I11: SUKO | J11: 52417768 | K11: T1LEN15B4 | L11: T-SHIRT SS ROUND NECK T1LEN15B4:MAROON:M:SOLID:T-SHIRT | M11: 79900 | N11: 0 | O11: NORMAL PRICE | P11: AMOUNT
A12: 2025 H1 Normal Price | B12: ='2023 SP 79'!$B$2 -> 2026-03-20 | C12: ='2023 SP 79'!$C$2 -> 2026-04-01 | D12: 3328 | E12: 347 | F12: 5 | G12: 1 | I12: SUKO | J12: 52417777 | K12: T1LEN15B4 | L12: T-SHIRT SS ROUND NECK T1LEN15B4:MAROON:L:SOLID:T-SHIRT | M12: 79900 | N12: 0 | O12: NORMAL PRICE | P12: AMOUNT
A13: 2025 H1 Normal Price | B13: ='2023 SP 79'!$B$2 -> 2026-03-20 | C13: ='2023 SP 79'!$C$2 -> 2026-04-01 | D13: 3328 | E13: 347 | F13: 5 | G13: 1 | I13: SUKO | J13: 52417786 | K13: T1LEN15B4 | L13: T-SHIRT SS ROUND NECK T1LEN15B4:MAROON:XL:SOLID:T-SHIRT | M13: 79900 | N13: 0 | O13: NORMAL PRICE | P13: AMOUNT
... A151: 2025 H1 Normal Price | B151: ='2023 SP 79'!$B$2 -> 2026-03-20 | C151: ='2023 SP 79'!$C$2 -> 2026-04-01 | D151: 3328 | E151: 347 | F151: 5 | G151: 4 | I151: SUKO | J151: 45337420 | K151: D3L2C4J4 | L151: ROK PANJANG JEANS D3L2C4J4:PASTEL GREY:XL:SOLID:ROK PANJANG JEANS | M151: 299900 | N151: 0 | O151: NORMAL PRICE | P151: AMOUNT

Sheet 2025 H2 GRAPHIC SP129
A1: ACARA | B1: FROM DATE | C1: TO DATE | D1: DEPT | E1: WORLD | F1: DIVISION | G1: CLASS | H1: SUPPLIER | I1: BRAND | J1: SKU | K1: ARTICLE | L1: DESCRIPTION | M1: HARGA NORMAL | N1: DISKON | O1: HARGA PROMO | P1: DISCOUNT TYPE
A2: 2025 H2 Graphic tee SP129 | B2: ='2023 SP 79'!$B$2 -> 2026-03-20 | C2: ='2023 SP 79'!$C$2 -> 2026-04-01 | D2: 3328 | E2: 347 | F2: 5 | G2: 1 | I2: SUKO | J2: 55121161 | K2: DMCSL7-1 | L2: T-SHIRT BOXY GRAPHIC DISNEY DMCSL7-1:SAND:S:EMBRO:T-SHIRT BOXY | M2: 159900 | N2: SP | O2: 129000 | P2: SPECIAL PRICE
A3: 2025 H2 Graphic tee SP129 | B3: ='2023 SP 79'!$B$2 -> 2026-03-20 | C3: ='2023 SP 79'!$C$2 -> 2026-04-01 | D3: 3328 | E3: 347 | F3: 5 | G3: 1 | I3: SUKO | J3: 55121170 | K3: DMCSL7-1 | L3: T-SHIRT BOXY GRAPHIC DISNEY DMCSL7-1:SAND:M:EMBRO:T-SHIRT BOXY | M3: 159900 | N3: SP | O3: 129000 | P3: SPECIAL PRICE
A4: 2025 H2 Graphic tee SP129 | B4: ='2023 SP 79'!$B$2 -> 2026-03-20 | C4: ='2023 SP 79'!$C$2 -> 2026-04-01 | D4: 3328 | E4: 347 | F4: 5 | G4: 1 | I4: SUKO | J4: 55121189 | K4: DMCSL7-1 | L4: T-SHIRT BOXY GRAPHIC DISNEY DMCSL7-1:SAND:L:EMBRO:T-SHIRT BOXY | M4: 159900 | N4: SP | O4: 129000 | P4: SPECIAL PRICE
A5: 2025 H2 Graphic tee SP129 | B5: ='2023 SP 79'!$B$2 -> 2026-03-20 | C5: ='2023 SP 79'!$C$2 -> 2026-04-01 | D5: 3328 | E5: 347 | F5: 5 | G5: 1 | I5: SUKO | J5: 55121198 | K5: DMCSL7-1 | L5: T-SHIRT BOXY GRAPHIC DISNEY DMCSL7-1:SAND:XL:EMBRO:T-SHIRT BOXY | M5: 159900 | N5: SP | O5: 129000 | P5: SPECIAL PRICE
A6: 2025 H2 Graphic tee SP129 | B6: ='2023 SP 79'!$B$2 -> 2026-03-20 | C6: ='2023 SP 79'!$C$2 -> 2026-04-01 | D6: 3328 | E6: 347 | F6: 5 | G6: 1 | I6: SUKO | J6: 55121205 | K6: DMCSL7-2 | L6: T-SHIRT BOXY GRAPHIC DISNEY DMCSL7-2:PASTEL GREEN:S:EMBRO:T-SHIRT BOXY | M6: 159900 | N6: SP | O6: 129000 | P6: SPECIAL PRICE
A7: 2025 H2 Graphic tee SP129 | B7: ='2023 SP 79'!$B$2 -> 2026-03-20 | C7: ='2023 SP 79'!$C$2 -> 2026-04-01 | D7: 3328 | E7: 347 | F7: 5 | G7: 1 | I7: SUKO | J7: 55121214 | K7: DMCSL7-2 | L7: T-SHIRT BOXY GRAPHIC DISNEY DMCSL7-2:PASTEL GREEN:M:EMBRO:T-SHIRT BOXY | M7: 159900 | N7: SP | O7: 129000 | P7: SPECIAL PRICE
A8: 2025 H2 Graphic tee SP129 | B8: ='2023 SP 79'!$B$2 -> 2026-03-20 | C8: ='2023 SP 79'!$C$2 -> 2026-04-01 | D8: 3328 | E8: 347 | F8: 5 | G8: 1 | I8: SUKO | J8: 55121223 | K8: DMCSL7-2 | L8: T-SHIRT BOXY GRAPHIC DISNEY DMCSL7-2:PASTEL GREEN:L:EMBRO:T-SHIRT BOXY | M8: 159900 | N8: SP | O8: 129000 | P8: SPECIAL PRICE
A9: 2025 H2 Graphic tee SP129 | B9: ='2023 SP 79'!$B$2 -> 2026-03-20 | C9: ='2023 SP 79'!$C$2 -> 2026-04-01 | D9: 3328 | E9: 347 | F9: 5 | G9: 1 | I9: SUKO | J9: 55121232 | K9: DMCSL7-2 | L9: T-SHIRT BOXY GRAPHIC DISNEY DMCSL7-2:PASTEL GREEN:XL:EMBRO:T-SHIRT BOXY | M9: 159900 | N9: SP | O9: 129000 | P9: SPECIAL PRICE
A10: 2025 H2 Graphic tee SP129 | B10: ='2023 SP 79'!$B$2 -> 2026-03-20 | C10: ='2023 SP 79'!$C$2 -> 2026-04-01 | D10: 3328 | E10: 347 | F10: 5 | G10: 1 | I10: SUKO | J10: 55121241 | K10: DMCSL7-3 | L10: T-SHIRT CROP GRAPHIC DISNEY DMCSL7-3:VANILLA:S:EMBRO:T-SHIRT CROP | M10: 159900 | N10: SP | O10: 129000 | P10: SPECIAL PRICE
A11: 2025 H2 Graphic tee SP129 | B11: ='2023 SP 79'!$B$2 -> 2026-03-20 | C11: ='2023 SP 79'!$C$2 -> 2026-04-01 | D11: 3328 | E11: 347 | F11: 5 | G11: 1 | I11: SUKO | J11: 55121250 | K11: DMCSL7-3 | L11: T-SHIRT CROP GRAPHIC DISNEY DMCSL7-3:VANILLA:M:EMBRO:T-SHIRT CROP | M11: 159900 | N11: SP | O11: 129000 | P11: SPECIAL PRICE
A12: 2025 H2 Graphic tee SP129 | B12: ='2023 SP 79'!$B$2 -> 2026-03-20 | C12: ='2023 SP 79'!$C$2 -> 2026-04-01 | D12: 3328 | E12: 347 | F12: 5 | G12: 1 | I12: SUKO | J12: 55121269 | K12: DMCSL7-3 | L12: T-SHIRT CROP GRAPHIC DISNEY DMCSL7-3:VANILLA:L:EMBRO:T-SHIRT CROP | M12: 159900 | N12: SP | O12: 129000 | P12: SPECIAL PRICE
A13: 2025 H2 Graphic tee SP129 | B13: ='2023 SP 79'!$B$2 -> 2026-03-20 | C13: ='2023 SP 79'!$C$2 -> 2026-04-01 | D13: 3328 | E13: 347 | F13: 5 | G13: 1 | I13: SUKO | J13: 55121287 | K13: DMCSL7-4 | L13: T-SHIRT CROP GRAPHIC DISNEY DMCSL7-4:GOLDEN BROWN:S:EMBRO:T-SHIRT CROP | M13: 159900 | N13: SP | O13: 129000 | P13: SPECIAL PRICE
... A47: 2025 H2 Graphic tee SP129 | B47: ='2023 SP 79'!$B$2 -> 2026-03-20 | C47: ='2023 SP 79'!$C$2 -> 2026-04-01 | D47: 3328 | E47: 347 | F47: 5 | G47: 1 | I47: SUKO | J47: 61133173 | K47: T4L86B5G1-4 | L47: T-SHIRT BOXY GRAPHIC KERAH BULAT LENGAN PENDEK T4L86B5G1-4:BLUSH:XL:EMBRO:T-SHIRT BOXY | M47: 159900 | N47: SP | O47: 129000 | P47: SPECIAL PRICE

Sheet 2025 H2 SP159
A1: ACARA | B1: FROM DATE | C1: TO DATE | D1: DEPT | E1: WORLD | F1: DIVISION | G1: CLASS | H1: SUPPLIER | I1: BRAND | J1: SKU | K1: ARTICLE | L1: DESCRIPTION | M1: HARGA NORMAL | N1: DISKON | O1: HARGA PROMO | P1: DISCOUNT TYPE
A2: 2025 H2 Woven Top, Woven Bottom, Dress SP 159 | B2: ='2023 SP 79'!$B$2 -> 2026-03-20 | C2: ='2023 SP 79'!$C$2 -> 2026-04-01 | D2: 3328 | E2: 347 | F2: 5 | G2: 2 | I2: SUKO | J2: 54714719 | K2: S2L735G3 | L2: KEMEJA NILON OVERSIZED RAYON ACRYLIC LONG SLEEVE S2L735G3:BLACK:S:SOLID:KEMEJA NILON OVERSIZED | M2: 279900 | N2: SP | O2: 159000 | P2: SPECIAL PRICE
A3: 2025 H2 Woven Top, Woven Bottom, Dress SP 159 | B3: ='2023 SP 79'!$B$2 -> 2026-03-20 | C3: ='2023 SP 79'!$C$2 -> 2026-04-01 | D3: 3328 | E3: 347 | F3: 5 | G3: 2 | I3: SUKO | J3: 54714728 | K3: S2L735G3 | L3: KEMEJA NILON OVERSIZED RAYON ACRYLIC LONG SLEEVE S2L735G3:BLACK:M:SOLID:KEMEJA NILON OVERSIZED | M3: 279900 | N3: SP | O3: 159000 | P3: SPECIAL PRICE
A4: 2025 H2 Woven Top, Woven Bottom, Dress SP 159 | B4: ='2023 SP 79'!$B$2 -> 2026-03-20 | C4: ='2023 SP 79'!$C$2 -> 2026-04-01 | D4: 3328 | E4: 347 | F4: 5 | G4: 2 | I4: SUKO | J4: 54714737 | K4: S2L735G3 | L4: KEMEJA NILON OVERSIZED RAYON ACRYLIC LONG SLEEVE S2L735G3:BLACK:L:SOLID:KEMEJA NILON OVERSIZED | M4: 279900 | N4: SP | O4: 159000 | P4: SPECIAL PRICE
A5: 2025 H2 Woven Top, Woven Bottom, Dress SP 159 | B5: ='2023 SP 79'!$B$2 -> 2026-03-20 | C5: ='2023 SP 79'!$C$2 -> 2026-04-01 | D5: 3328 | E5: 347 | F5: 5 | G5: 2 | I5: SUKO | J5: 54714746 | K5: S2L735G3 | L5: KEMEJA NILON OVERSIZED RAYON ACRYLIC LONG SLEEVE S2L735G3:BLACK:XL:SOLID:KEMEJA NILON OVERSIZED | M5: 279900 | N5: SP | O5: 159000 | P5: SPECIAL PRICE
A6: 2025 H2 Woven Top, Woven Bottom, Dress SP 159 | B6: ='2023 SP 79'!$B$2 -> 2026-03-20 | C6: ='2023 SP 79'!$C$2 -> 2026-04-01 | D6: 3328 | E6: 347 | F6: 5 | G6: 2 | I6: SUKO | J6: 54714755 | K6: S2L735G3 | L6: KEMEJA NILON OVERSIZED RAYON ACRYLIC LONG SLEEVE S2L735G3:FROST GREY:S:SOLID:KEMEJA NILON OVERSIZED | M6: 279900 | N6: SP | O6: 159000 | P6: SPECIAL PRICE
A7: 2025 H2 Woven Top, Woven Bottom, Dress SP 159 | B7: ='2023 SP 79'!$B$2 -> 2026-03-20 | C7: ='2023 SP 79'!$C$2 -> 2026-04-01 | D7: 3328 | E7: 347 | F7: 5 | G7: 2 | I7: SUKO | J7: 54714764 | K7: S2L735G3 | L7: KEMEJA NILON OVERSIZED RAYON ACRYLIC LONG SLEEVE S2L735G3:FROST GREY:M:SOLID:KEMEJA NILON OVERSIZED | M7: 279900 | N7: SP | O7: 159000 | P7: SPECIAL PRICE
A8: 2025 H2 Woven Top, Woven Bottom, Dress SP 159 | B8: ='2023 SP 79'!$B$2 -> 2026-03-20 | C8: ='2023 SP 79'!$C$2 -> 2026-04-01 | D8: 3328 | E8: 347 | F8: 5 | G8: 2 | I8: SUKO | J8: 54714773 | K8: S2L735G3 | L8: KEMEJA NILON OVERSIZED RAYON ACRYLIC LONG SLEEVE S2L735G3:FROST GREY:L:SOLID:KEMEJA NILON OVERSIZED | M8: 279900 | N8: SP | O8: 159000 | P8: SPECIAL PRICE
A9: 2025 H2 Woven Top, Woven Bottom, Dress SP 159 | B9: ='2023 SP 79'!$B$2 -> 2026-03-20 | C9: ='2023 SP 79'!$C$2 -> 2026-04-01 | D9: 3328 | E9: 347 | F9: 5 | G9: 2 | I9: SUKO | J9: 54714782 | K9: S2L735G3 | L9: KEMEJA NILON OVERSIZED RAYON ACRYLIC LONG SLEEVE S2L735G3:FROST GREY:XL:SOLID:KEMEJA NILON OVERSIZED | M9: 279900 | N9: SP | O9: 159000 | P9: SPECIAL PRICE
A10: 2025 H2 Woven Top, Woven Bottom, Dress SP 159 | B10: ='2023 SP 79'!$B$2 -> 2026-03-20 | C10: ='2023 SP 79'!$C$2 -> 2026-04-01 | D10: 3328 | E10: 347 | F10: 5 | G10: 2 | I10: SUKO | J10: 54714791 | K10: S2L735G3 | L10: KEMEJA NILON OVERSIZED RAYON ACRYLIC LONG SLEEVE S2L735G3:SALMON:S:SOLID:KEMEJA NILON OVERSIZED | M10: 279900 | N10: SP | O10: 159000 | P10: SPECIAL PRICE
A11: 2025 H2 Woven Top, Woven Bottom, Dress SP 159 | B11: ='2023 SP 79'!$B$2 -> 2026-03-20 | C11: ='2023 SP 79'!$C$2 -> 2026-04-01 | D11: 3328 | E11: 347 | F11: 5 | G11: 2 | I11: SUKO | J11: 54714808 | K11: S2L735G3 | L11: KEMEJA NILON OVERSIZED RAYON ACRYLIC LONG SLEEVE S2L735G3:SALMON:M:SOLID:KEMEJA NILON OVERSIZED | M11: 279900 | N11: SP | O11: 159000 | P11: SPECIAL PRICE
A12: 2025 H2 Woven Top, Woven Bottom, Dress SP 159 | B12: ='2023 SP 79'!$B$2 -> 2026-03-20 | C12: ='2023 SP 79'!$C$2 -> 2026-04-01 | D12: 3328 | E12: 347 | F12: 5 | G12: 2 | I12: SUKO | J12: 54714817 | K12: S2L735G3 | L12: KEMEJA NILON OVERSIZED RAYON ACRYLIC LONG SLEEVE S2L735G3:SALMON:L:SOLID:KEMEJA NILON OVERSIZED | M12: 279900 | N12: SP | O12: 159000 | P12: SPECIAL PRICE
A13: 2025 H2 Woven Top, Woven Bottom, Dress SP 159 | B13: ='2023 SP 79'!$B$2 -> 2026-03-20 | C13: ='2023 SP 79'!$C$2 -> 2026-04-01 | D13: 3328 | E13: 347 | F13: 5 | G13: 2 | I13: SUKO | J13: 54714826 | K13: S2L735G3 | L13: KEMEJA NILON OVERSIZED RAYON ACRYLIC LONG SLEEVE S2L735G3:SALMON:XL:SOLID:KEMEJA NILON OVERSIZED | M13: 279900 | N13: SP | O13: 159000 | P13: SPECIAL PRICE
... A29: 2025 H2 Woven Top, Woven Bottom, Dress SP 159 | B29: ='2023 SP 79'!$B$2 -> 2026-03-20 | C29: ='2023 SP 79'!$C$2 -> 2026-04-01 | D29: 3328 | E29: 347 | F29: 5 | G29: 7 | I29: SUKO | J29: 54715147 | K29: R1L755G3 | L29: GAUN BALON R1L755G3:VANILLA:XL:SOLID:GAUN BALON | M29: 269900 | N29: SP | O29: 159000 | P29: SPECIAL PRICE

Sheet 2025 H2 SP129
A1: ACARA | B1: FROM DATE | C1: TO DATE | D1: DEPT | E1: WORLD | F1: DIVISION | G1: CLASS | H1: SUPPLIER | I1: BRAND | J1: SKU | K1: ARTICLE | L1: DESCRIPTION | M1: HARGA NORMAL | N1: DISKON | O1: HARGA PROMO | P1: DISCOUNT TYPE
A2: 2025 H2 Woven Top, Woven Bottom, Dress SP 129 | B2: 2026-02-26 | C2: 2026-03-04 | D2: 3328 | E2: 347 | F2: 5 | G2: 2 | I2: SUKO | J2: 61098793 | K2: B4L875G3 | L2: BLOUSE SATIN TIE LENGAN PANJANG B4L875G3:BLACK:S:SOLID:BLOUSE SATIN TIE | M2: 229900 | N2: SP | O2: 129000 | P2: SPECIAL PRICE
A3: 2025 H2 Woven Top, Woven Bottom, Dress SP 129 | B3: 2026-02-26 | C3: 2026-03-04 | D3: 3328 | E3: 347 | F3: 5 | G3: 2 | I3: SUKO | J3: 61098800 | K3: B4L875G3 | L3: BLOUSE SATIN TIE LENGAN PANJANG B4L875G3:BLACK:M:SOLID:BLOUSE SATIN TIE | M3: 229900 | N3: SP | O3: 129000 | P3: SPECIAL PRICE
A4: 2025 H2 Woven Top, Woven Bottom, Dress SP 129 | B4: 2026-02-26 | C4: 2026-03-04 | D4: 3328 | E4: 347 | F4: 5 | G4: 2 | I4: SUKO | J4: 61098819 | K4: B4L875G3 | L4: BLOUSE SATIN TIE LENGAN PANJANG B4L875G3:BLACK:L:SOLID:BLOUSE SATIN TIE | M4: 229900 | N4: SP | O4: 129000 | P4: SPECIAL PRICE
A5: 2025 H2 Woven Top, Woven Bottom, Dress SP 129 | B5: 2026-02-26 | C5: 2026-03-04 | D5: 3328 | E5: 347 | F5: 5 | G5: 2 | I5: SUKO | J5: 61098828 | K5: B4L875G3 | L5: BLOUSE SATIN TIE LENGAN PANJANG B4L875G3:BLACK:XL:SOLID:BLOUSE SATIN TIE | M5: 229900 | N5: SP | O5: 129000 | P5: SPECIAL PRICE
A6: 2025 H2 Woven Top, Woven Bottom, Dress SP 129 | B6: 2026-02-26 | C6: 2026-03-04 | D6: 3328 | E6: 347 | F6: 5 | G6: 2 | I6: SUKO | J6: 61098837 | K6: B4L875G3 | L6: BLOUSE SATIN TIE LENGAN PANJANG B4L875G3:VANILLA:S:SOLID:BLOUSE SATIN TIE | M6: 229900 | N6: SP | O6: 129000 | P6: SPECIAL PRICE
A7: 2025 H2 Woven Top, Woven Bottom, Dress SP 129 | B7: 2026-02-26 | C7: 2026-03-04 | D7: 3328 | E7: 347 | F7: 5 | G7: 2 | I7: SUKO | J7: 61098846 | K7: B4L875G3 | L7: BLOUSE SATIN TIE LENGAN PANJANG B4L875G3:VANILLA:M:SOLID:BLOUSE SATIN TIE | M7: 229900 | N7: SP | O7: 129000 | P7: SPECIAL PRICE
A8: 2025 H2 Woven Top, Woven Bottom, Dress SP 129 | B8: 2026-02-26 | C8: 2026-03-04 | D8: 3328 | E8: 347 | F8: 5 | G8: 2 | I8: SUKO | J8: 61098855 | K8: B4L875G3 | L8: BLOUSE SATIN TIE LENGAN PANJANG B4L875G3:VANILLA:L:SOLID:BLOUSE SATIN TIE | M8: 229900 | N8: SP | O8: 129000 | P8: SPECIAL PRICE
A9: 2025 H2 Woven Top, Woven Bottom, Dress SP 129 | B9: 2026-02-26 | C9: 2026-03-04 | D9: 3328 | E9: 347 | F9: 5 | G9: 2 | I9: SUKO | J9: 61098864 | K9: B4L875G3 | L9: BLOUSE SATIN TIE LENGAN PANJANG B4L875G3:VANILLA:XL:SOLID:BLOUSE SATIN TIE | M9: 229900 | N9: SP | O9: 129000 | P9: SPECIAL PRICE
A10: 2025 H2 Woven Top, Woven Bottom, Dress SP 129 | B10: 2026-02-26 | C10: 2026-03-04 | D10: 3328 | E10: 347 | F10: 5 | G10: 2 | I10: SUKO | J10: 61098873 | K10: B4L875G3 | L10: BLOUSE SATIN TIE LENGAN PANJANG B4L875G3:WHITE:S:SOLID:BLOUSE SATIN TIE | M10: 229900 | N10: SP | O10: 129000 | P10: SPECIAL PRICE
A11: 2025 H2 Woven Top, Woven Bottom, Dress SP 129 | B11: 2026-02-26 | C11: 2026-03-04 | D11: 3328 | E11: 347 | F11: 5 | G11: 2 | I11: SUKO | J11: 61098882 | K11: B4L875G3 | L11: BLOUSE SATIN TIE LENGAN PANJANG B4L875G3:WHITE:M:SOLID:BLOUSE SATIN TIE | M11: 229900 | N11: SP | O11: 129000 | P11: SPECIAL PRICE
A12: 2025 H2 Woven Top, Woven Bottom, Dress SP 129 | B12: 2026-02-26 | C12: 2026-03-04 | D12: 3328 | E12: 347 | F12: 5 | G12: 2 | I12: SUKO | J12: 61098891 | K12: B4L875G3 | L12: BLOUSE SATIN TIE LENGAN PANJANG B4L875G3:WHITE:L:SOLID:BLOUSE SATIN TIE | M12: 229900 | N12: SP | O12: 129000 | P12: SPECIAL PRICE
A13: 2025 H2 Woven Top, Woven Bottom, Dress SP 129 | B13: 2026-02-26 | C13: 2026-03-04 | D13: 3328 | E13: 347 | F13: 5 | G13: 2 | I13: SUKO | J13: 61098908 | K13: B4L875G3 | L13: BLOUSE SATIN TIE LENGAN PANJANG B4L875G3:WHITE:XL:SOLID:BLOUSE SATIN TIE | M13: 229900 | N13: SP | O13: 129000 | P13: SPECIAL PRICE
... A57: 2025 H2 Woven Top, Woven Bottom, Dress SP 129 | B57: 2026-02-26 | C57: 2026-03-04 | D57: 3328 | E57: 347 | F57: 5 | G57: 2 | I57: SUKO | J57: 54715021 | K57: B3L745G3 | L57: BLOUSE BALON SHORT SLEEVE B3L745G3:PASTEL LAVENDER:XL:SOLID:BLOUSE BALON | M57: 249900 | N57: SP | O57: 129000 | P57: SPECIAL PRICE

Sheet 2025 H2 SP 199
A1: ACARA | B1: FROM DATE | C1: TO DATE | D1: DEPT | E1: WORLD | F1: DIVISION | G1: CLASS | H1: SUPPLIER | I1: BRAND | J1: SKU | K1: ARTICLE | L1: DESCRIPTION | M1: HARGA NORMAL | N1: DISKON | O1: HARGA PROMO | P1: DISCOUNT TYPE
A2: 2025 H2 Woven Bottom, Knit Bottom, Dress SP 199 | B2: ='2023 SP 79'!$B$2 -> 2026-03-20 | C2: ='2023 SP 79'!$C$2 -> 2026-04-01 | D2: 3328 | E2: 347 | F2: 5 | G2: 6 | I2: SUKO | J2: 54715156 | K2: K2L785G5 | L2: CELANA PANJANG RELAX KNIT WIDE LEG K2L785G5:BLACK:S:SOLID:CELANA PANJANG RELAX | M2: 249900 | N2: SP | O2: 199000 | P2: SPECIAL PRICE
A3: 2025 H2 Woven Bottom, Knit Bottom, Dress SP 199 | B3: ='2023 SP 79'!$B$2 -> 2026-03-20 | C3: ='2023 SP 79'!$C$2 -> 2026-04-01 | D3: 3328 | E3: 347 | F3: 5 | G3: 6 | I3: SUKO | J3: 54715165 | K3: K2L785G5 | L3: CELANA PANJANG RELAX KNIT WIDE LEG K2L785G5:BLACK:M:SOLID:CELANA PANJANG RELAX | M3: 249900 | N3: SP | O3: 199000 | P3: SPECIAL PRICE
A4: 2025 H2 Woven Bottom, Knit Bottom, Dress SP 199 | B4: ='2023 SP 79'!$B$2 -> 2026-03-20 | C4: ='2023 SP 79'!$C$2 -> 2026-04-01 | D4: 3328 | E4: 347 | F4: 5 | G4: 6 | I4: SUKO | J4: 54715174 | K4: K2L785G5 | L4: CELANA PANJANG RELAX KNIT WIDE LEG K2L785G5:BLACK:L:SOLID:CELANA PANJANG RELAX | M4: 249900 | N4: SP | O4: 199000 | P4: SPECIAL PRICE
A5: 2025 H2 Woven Bottom, Knit Bottom, Dress SP 199 | B5: ='2023 SP 79'!$B$2 -> 2026-03-20 | C5: ='2023 SP 79'!$C$2 -> 2026-04-01 | D5: 3328 | E5: 347 | F5: 5 | G5: 6 | I5: SUKO | J5: 54715183 | K5: K2L785G5 | L5: CELANA PANJANG RELAX KNIT WIDE LEG K2L785G5:BLACK:XL:SOLID:CELANA PANJANG RELAX | M5: 249900 | N5: SP | O5: 199000 | P5: SPECIAL PRICE
A6: 2025 H2 Woven Bottom, Knit Bottom, Dress SP 199 | B6: ='2023 SP 79'!$B$2 -> 2026-03-20 | C6: ='2023 SP 79'!$C$2 -> 2026-04-01 | D6: 3328 | E6: 347 | F6: 5 | G6: 6 | I6: SUKO | J6: 54715192 | K6: K2L785G5 | L6: CELANA PANJANG RELAX KNIT WIDE LEG K2L785G5:VANILLA:S:SOLID:CELANA PANJANG RELAX | M6: 249900 | N6: SP | O6: 199000 | P6: SPECIAL PRICE
A7: 2025 H2 Woven Bottom, Knit Bottom, Dress SP 199 | B7: ='2023 SP 79'!$B$2 -> 2026-03-20 | C7: ='2023 SP 79'!$C$2 -> 2026-04-01 | D7: 3328 | E7: 347 | F7: 5 | G7: 6 | I7: SUKO | J7: 54715209 | K7: K2L785G5 | L7: CELANA PANJANG RELAX KNIT WIDE LEG K2L785G5:VANILLA:M:SOLID:CELANA PANJANG RELAX | M7: 249900 | N7: SP | O7: 199000 | P7: SPECIAL PRICE
A8: 2025 H2 Woven Bottom, Knit Bottom, Dress SP 199 | B8: ='2023 SP 79'!$B$2 -> 2026-03-20 | C8: ='2023 SP 79'!$C$2 -> 2026-04-01 | D8: 3328 | E8: 347 | F8: 5 | G8: 6 | I8: SUKO | J8: 54715218 | K8: K2L785G5 | L8: CELANA PANJANG RELAX KNIT WIDE LEG K2L785G5:VANILLA:L:SOLID:CELANA PANJANG RELAX | M8: 249900 | N8: SP | O8: 199000 | P8: SPECIAL PRICE
A9: 2025 H2 Woven Bottom, Knit Bottom, Dress SP 199 | B9: ='2023 SP 79'!$B$2 -> 2026-03-20 | C9: ='2023 SP 79'!$C$2 -> 2026-04-01 | D9: 3328 | E9: 347 | F9: 5 | G9: 6 | I9: SUKO | J9: 54715227 | K9: K2L785G5 | L9: CELANA PANJANG RELAX KNIT WIDE LEG K2L785G5:VANILLA:XL:SOLID:CELANA PANJANG RELAX | M9: 249900 | N9: SP | O9: 199000 | P9: SPECIAL PRICE
A10: 2025 H2 Woven Bottom, Knit Bottom, Dress SP 199 | B10: ='2023 SP 79'!$B$2 -> 2026-03-20 | C10: ='2023 SP 79'!$C$2 -> 2026-04-01 | D10: 3328 | E10: 347 | F10: 5 | G10: 6 | I10: SUKO | J10: 54715236 | K10: K2L785G5 | L10: CELANA PANJANG RELAX KNIT WIDE LEG K2L785G5:WINE:S:SOLID:CELANA PANJANG RELAX | M10: 249900 | N10: SP | O10: 199000 | P10: SPECIAL PRICE
A11: 2025 H2 Woven Bottom, Knit Bottom, Dress SP 199 | B11: ='2023 SP 79'!$B$2 -> 2026-03-20 | C11: ='2023 SP 79'!$C$2 -> 2026-04-01 | D11: 3328 | E11: 347 | F11: 5 | G11: 6 | I11: SUKO | J11: 54715245 | K11: K2L785G5 | L11: CELANA PANJANG RELAX KNIT WIDE LEG K2L785G5:WINE:M:SOLID:CELANA PANJANG RELAX | M11: 249900 | N11: SP | O11: 199000 | P11: SPECIAL PRICE
A12: 2025 H2 Woven Bottom, Knit Bottom, Dress SP 199 | B12: ='2023 SP 79'!$B$2 -> 2026-03-20 | C12: ='2023 SP 79'!$C$2 -> 2026-04-01 | D12: 3328 | E12: 347 | F12: 5 | G12: 6 | I12: SUKO | J12: 54715254 | K12: K2L785G5 | L12: CELANA PANJANG RELAX KNIT WIDE LEG K2L785G5:WINE:L:SOLID:CELANA PANJANG RELAX | M12: 249900 | N12: SP | O12: 199000 | P12: SPECIAL PRICE
A13: 2025 H2 Woven Bottom, Knit Bottom, Dress SP 199 | B13: ='2023 SP 79'!$B$2 -> 2026-03-20 | C13: ='2023 SP 79'!$C$2 -> 2026-04-01 | D13: 3328 | E13: 347 | F13: 5 | G13: 6 | I13: SUKO | J13: 54715263 | K13: K2L785G5 | L13: CELANA PANJANG RELAX KNIT WIDE LEG K2L785G5:WINE:XL:SOLID:CELANA PANJANG RELAX | M13: 249900 | N13: SP | O13: 199000 | P13: SPECIAL PRICE
... A28: 2025 H2 Woven Bottom, Knit Bottom, Dress SP 199 | B28: ='2023 SP 79'!$B$2 -> 2026-03-20 | C28: ='2023 SP 79'!$C$2 -> 2026-04-01 | D28: 3328 | E28: 347 | F28: 5 | G28: 7 | I28: SUKO | J28: 54714504 | K28: R1L955G5 | L28: GAUN RAJUT R1L955G5:SAND:L:SOLID:GAUN RAJUT | M28: 329900 | N28: SP | O28: 199000 | P28: SPECIAL PRICE

Sheet 2025 H2 SP 249
A1: ACARA | B1: FROM DATE | C1: TO DATE | D1: DEPT | E1: WORLD | F1: DIVISION | G1: CLASS | H1: SUPPLIER | I1: BRAND | J1: SKU | K1: ARTICLE | L1: DESCRIPTION | M1: HARGA NORMAL | N1: DISKON | O1: HARGA PROMO | P1: DISCOUNT TYPE
A2: 2025 H2 Dress SP249 | B2: 2026-02-26 | C2: 2026-03-04 | D2: 3328 | E2: 347 | F2: 5 | G2: 7 | I2: SUKO | J2: 61125468 | K2: R1L985J5 | L2: GAUN RELAX WITH A TIE LENGAN PENDEK R1L985J5:COBALT BLUE:S:SOLID:GAUN RELAX WITH A TIE | M2: 329900 | N2: SP | O2: 249000 | P2: SPECIAL PRICE
A3: 2025 H2 Dress SP249 | B3: 2026-02-26 | C3: 2026-03-04 | D3: 3328 | E3: 347 | F3: 5 | G3: 7 | I3: SUKO | J3: 61125477 | K3: R1L985J5 | L3: GAUN RELAX WITH A TIE LENGAN PENDEK R1L985J5:COBALT BLUE:M:SOLID:GAUN RELAX WITH A TIE | M3: 329900 | N3: SP | O3: 249000 | P3: SPECIAL PRICE
A4: 2025 H2 Dress SP249 | B4: 2026-02-26 | C4: 2026-03-04 | D4: 3328 | E4: 347 | F4: 5 | G4: 7 | I4: SUKO | J4: 61125486 | K4: R1L985J5 | L4: GAUN RELAX WITH A TIE LENGAN PENDEK R1L985J5:COBALT BLUE:L:SOLID:GAUN RELAX WITH A TIE | M4: 329900 | N4: SP | O4: 249000 | P4: SPECIAL PRICE
A5: 2025 H2 Dress SP249 | B5: 2026-02-26 | C5: 2026-03-04 | D5: 3328 | E5: 347 | F5: 5 | G5: 7 | I5: SUKO | J5: 61125495 | K5: R1L985J5 | L5: GAUN RELAX WITH A TIE LENGAN PENDEK R1L985J5:COBALT BLUE:XL:SOLID:GAUN RELAX WITH A TIE | M5: 329900 | N5: SP | O5: 249000 | P5: SPECIAL PRICE
A6: 2025 H2 Dress SP249 | B6: 2026-02-26 | C6: 2026-03-04 | D6: 3328 | E6: 347 | F6: 5 | G6: 7 | I6: SUKO | J6: 61125388 | K6: R1L985J5 | L6: GAUN RELAX WITH A TIE LENGAN PENDEK R1L985J5:OFF WHITE:S:SOLID:GAUN RELAX WITH A TIE | M6: 329900 | N6: SP | O6: 249000 | P6: SPECIAL PRICE
A7: 2025 H2 Dress SP249 | B7: 2026-02-26 | C7: 2026-03-04 | D7: 3328 | E7: 347 | F7: 5 | G7: 7 | I7: SUKO | J7: 61125397 | K7: R1L985J5 | L7: GAUN RELAX WITH A TIE LENGAN PENDEK R1L985J5:OFF WHITE:M:SOLID:GAUN RELAX WITH A TIE | M7: 329900 | N7: SP | O7: 249000 | P7: SPECIAL PRICE
A8: 2025 H2 Dress SP249 | B8: 2026-02-26 | C8: 2026-03-04 | D8: 3328 | E8: 347 | F8: 5 | G8: 7 | I8: SUKO | J8: 61125404 | K8: R1L985J5 | L8: GAUN RELAX WITH A TIE LENGAN PENDEK R1L985J5:OFF WHITE:L:SOLID:GAUN RELAX WITH A TIE | M8: 329900 | N8: SP | O8: 249000 | P8: SPECIAL PRICE
A9: 2025 H2 Dress SP249 | B9: 2026-02-26 | C9: 2026-03-04 | D9: 3328 | E9: 347 | F9: 5 | G9: 7 | I9: SUKO | J9: 61125413 | K9: R1L985J5 | L9: GAUN RELAX WITH A TIE LENGAN PENDEK R1L985J5:OFF WHITE:XL:SOLID:GAUN RELAX WITH A TIE | M9: 329900 | N9: SP | O9: 249000 | P9: SPECIAL PRICE
A10: 2025 H2 Dress SP249 | B10: 2026-02-26 | C10: 2026-03-04 | D10: 3328 | E10: 347 | F10: 5 | G10: 7 | I10: SUKO | J10: 61125422 | K10: R1L985J5 | L10: GAUN RELAX WITH A TIE LENGAN PENDEK R1L985J5:PASTEL GREY:S:SOLID:GAUN RELAX WITH A TIE | M10: 329900 | N10: SP | O10: 249000 | P10: SPECIAL PRICE
A11: 2025 H2 Dress SP249 | B11: 2026-02-26 | C11: 2026-03-04 | D11: 3328 | E11: 347 | F11: 5 | G11: 7 | I11: SUKO | J11: 61125431 | K11: R1L985J5 | L11: GAUN RELAX WITH A TIE LENGAN PENDEK R1L985J5:PASTEL GREY:M:SOLID:GAUN RELAX WITH A TIE | M11: 329900 | N11: SP | O11: 249000 | P11: SPECIAL PRICE
A12: 2025 H2 Dress SP249 | B12: 2026-02-26 | C12: 2026-03-04 | D12: 3328 | E12: 347 | F12: 5 | G12: 7 | I12: SUKO | J12: 61125440 | K12: R1L985J5 | L12: GAUN RELAX WITH A TIE LENGAN PENDEK R1L985J5:PASTEL GREY:L:SOLID:GAUN RELAX WITH A TIE | M12: 329900 | N12: SP | O12: 249000 | P12: SPECIAL PRICE
A13: 2025 H2 Dress SP249 | B13: 2026-02-26 | C13: 2026-03-04 | D13: 3328 | E13: 347 | F13: 5 | G13: 7 | I13: SUKO | J13: 61125459 | K13: R1L985J5 | L13: GAUN RELAX WITH A TIE LENGAN PENDEK R1L985J5:PASTEL GREY:XL:SOLID:GAUN RELAX WITH A TIE | M13: 329900 | N13: SP | O13: 249000 | P13: SPECIAL PRICE

Sheet 2025 H2 SP279
A1: ACARA | B1: FROM DATE | C1: TO DATE | D1: DEPT | E1: WORLD | F1: DIVISION | G1: CLASS | H1: SUPPLIER | I1: BRAND | J1: SKU | K1: ARTICLE | L1: DESCRIPTION | M1: HARGA NORMAL | N1: DISKON | O1: HARGA PROMO | P1: DISCOUNT TYPE
A2: 2025 H2 Outerwear, Woven Bottom SP279 | B2: ='2023 SP 79'!$B$2 -> 2026-03-20 | C2: ='2023 SP 79'!$C$2 -> 2026-04-01 | D2: 3328 | E2: 347 | F2: 5 | G2: 3 | I2: SUKO | J2: 45337359 | K2: O2L114A5 | L2: JAKET RILEKS RELAXED JACKET KNIT TWILL OUTERWEAR JERSEY LENGAN PANJANG O2L114A5:JADE:S:SOLID:JAKET R | M2: 299900 | N2: SP | O2: 279000 | P2: SPECIAL PRICE
A3: 2025 H2 Outerwear, Woven Bottom SP279 | B3: ='2023 SP 79'!$B$2 -> 2026-03-20 | C3: ='2023 SP 79'!$C$2 -> 2026-04-01 | D3: 3328 | E3: 347 | F3: 5 | G3: 3 | I3: SUKO | J3: 45337368 | K3: O2L114A5 | L3: JAKET RILEKS RELAXED JACKET KNIT TWILL OUTERWEAR JERSEY LENGAN PANJANG O2L114A5:JADE:M:SOLID:JAKET R | M3: 299900 | N3: SP | O3: 279000 | P3: SPECIAL PRICE
A4: 2025 H2 Outerwear, Woven Bottom SP279 | B4: ='2023 SP 79'!$B$2 -> 2026-03-20 | C4: ='2023 SP 79'!$C$2 -> 2026-04-01 | D4: 3328 | E4: 347 | F4: 5 | G4: 3 | I4: SUKO | J4: 45337377 | K4: O2L114A5 | L4: JAKET RILEKS RELAXED JACKET KNIT TWILL OUTERWEAR JERSEY LENGAN PANJANG O2L114A5:JADE:L:SOLID:JAKET R | M4: 299900 | N4: SP | O4: 279000 | P4: SPECIAL PRICE
A5: 2025 H2 Outerwear, Woven Bottom SP279 | B5: ='2023 SP 79'!$B$2 -> 2026-03-20 | C5: ='2023 SP 79'!$C$2 -> 2026-04-01 | D5: 3328 | E5: 347 | F5: 5 | G5: 3 | I5: SUKO | J5: 45337386 | K5: O2L114A5 | L5: JAKET RILEKS RELAXED JACKET KNIT TWILL OUTERWEAR JERSEY LENGAN PANJANG O2L114A5:JADE:XL:SOLID:JAKET | M5: 299900 | N5: SP | O5: 279000 | P5: SPECIAL PRICE
A6: 2025 H2 Outerwear, Woven Bottom SP279 | B6: ='2023 SP 79'!$B$2 -> 2026-03-20 | C6: ='2023 SP 79'!$C$2 -> 2026-04-01 | D6: 3328 | E6: 347 | F6: 5 | G6: 3 | I6: SUKO | J6: 45337313 | K6: O2L114A5 | L6: JAKET RILEKS RELAXED JACKET KNIT TWILL OUTERWEAR JERSEY LENGAN PANJANG O2L114A5:PASTEL GREY:S:SOLID: | M6: 299900 | N6: SP | O6: 279000 | P6: SPECIAL PRICE
A7: 2025 H2 Outerwear, Woven Bottom SP279 | B7: ='2023 SP 79'!$B$2 -> 2026-03-20 | C7: ='2023 SP 79'!$C$2 -> 2026-04-01 | D7: 3328 | E7: 347 | F7: 5 | G7: 3 | I7: SUKO | J7: 45337322 | K7: O2L114A5 | L7: JAKET RILEKS RELAXED JACKET KNIT TWILL OUTERWEAR JERSEY LENGAN PANJANG O2L114A5:PASTEL GREY:M:SOLID: | M7: 299900 | N7: SP | O7: 279000 | P7: SPECIAL PRICE
A8: 2025 H2 Outerwear, Woven Bottom SP279 | B8: ='2023 SP 79'!$B$2 -> 2026-03-20 | C8: ='2023 SP 79'!$C$2 -> 2026-04-01 | D8: 3328 | E8: 347 | F8: 5 | G8: 3 | I8: SUKO | J8: 45337331 | K8: O2L114A5 | L8: JAKET RILEKS RELAXED JACKET KNIT TWILL OUTERWEAR JERSEY LENGAN PANJANG O2L114A5:PASTEL GREY:L:SOLID: | M8: 299900 | N8: SP | O8: 279000 | P8: SPECIAL PRICE
A9: 2025 H2 Outerwear, Woven Bottom SP279 | B9: ='2023 SP 79'!$B$2 -> 2026-03-20 | C9: ='2023 SP 79'!$C$2 -> 2026-04-01 | D9: 3328 | E9: 347 | F9: 5 | G9: 3 | I9: SUKO | J9: 45337340 | K9: O2L114A5 | L9: JAKET RILEKS RELAXED JACKET KNIT TWILL OUTERWEAR JERSEY LENGAN PANJANG O2L114A5:PASTEL GREY:XL:SOLID | M9: 299900 | N9: SP | O9: 279000 | P9: SPECIAL PRICE
A10: 2025 H2 Outerwear, Woven Bottom SP279 | B10: ='2023 SP 79'!$B$2 -> 2026-03-20 | C10: ='2023 SP 79'!$C$2 -> 2026-04-01 | D10: 3328 | E10: 347 | F10: 5 | G10: 3 | I10: SUKO | J10: 15910035 | K10: O2L114A5 | L10: JAKET RILEKS RELAXED JACKET KNIT TWILL OUTERWEAR JERSEY LENGAN PANJANG O2L114A5:GOLDEN BROWN:S:SOLI | M10: 299900 | N10: SP | O10: 279000 | P10: SPECIAL PRICE
A11: 2025 H2 Outerwear, Woven Bottom SP279 | B11: ='2023 SP 79'!$B$2 -> 2026-03-20 | C11: ='2023 SP 79'!$C$2 -> 2026-04-01 | D11: 3328 | E11: 347 | F11: 5 | G11: 3 | I11: SUKO | J11: 15910044 | K11: O2L114A5 | L11: JAKET RILEKS RELAXED JACKET KNIT TWILL OUTERWEAR JERSEY LENGAN PANJANG O2L114A5:GOLDEN BROWN:M:SOLI | M11: 299900 | N11: SP | O11: 279000 | P11: SPECIAL PRICE
A12: 2025 H2 Outerwear, Woven Bottom SP279 | B12: ='2023 SP 79'!$B$2 -> 2026-03-20 | C12: ='2023 SP 79'!$C$2 -> 2026-04-01 | D12: 3328 | E12: 347 | F12: 5 | G12: 3 | I12: SUKO | J12: 15910053 | K12: O2L114A5 | L12: JAKET RILEKS RELAXED JACKET KNIT TWILL OUTERWEAR JERSEY LENGAN PANJANG O2L114A5:GOLDEN BROWN:L:SOLI | M12: 299900 | N12: SP | O12: 279000 | P12: SPECIAL PRICE
A13: 2025 H2 Outerwear, Woven Bottom SP279 | B13: ='2023 SP 79'!$B$2 -> 2026-03-20 | C13: ='2023 SP 79'!$C$2 -> 2026-04-01 | D13: 3328 | E13: 347 | F13: 5 | G13: 3 | I13: SUKO | J13: 15910062 | K13: O2L114A5 | L13: JAKET RILEKS RELAXED JACKET KNIT TWILL OUTERWEAR JERSEY LENGAN PANJANG O2L114A5:GOLDEN BROWN:XL:SOL | M13: 299900 | N13: SP | O13: 279000 | P13: SPECIAL PRICE
... A25: 2025 H2 Outerwear, Woven Bottom SP279 | B25: ='2023 SP 79'!$B$2 -> 2026-03-20 | C25: ='2023 SP 79'!$C$2 -> 2026-04-01 | D25: 3328 | E25: 347 | F25: 5 | G25: 5 | I25: SUKO | J25: 54714353 | K25: W2L935G4 | L25: CELANA PANJANG TWILL PANTS LIPIT DRAPEY W2L935G4:VANILLA:XL:SOLID:CELANA PANJANG TWILL | M25: 299900 | N25: SP | O25: 279000 | P25: SPECIAL PRICE

Sheet 2025 H2 SP329
A1: ACARA | B1: FROM DATE | C1: TO DATE | D1: DEPT | E1: WORLD | F1: DIVISION | G1: CLASS | H1: SUPPLIER | I1: BRAND | J1: SKU | K1: ARTICLE | L1: DESCRIPTION | M1: HARGA NORMAL | N1: DISKON | O1: HARGA PROMO | P1: DISCOUNT TYPE
A2: 2025 H2 Denim Bottom SP329 | B2: ='2023 SP 79'!$B$2 -> 2026-03-20 | C2: ='2023 SP 79'!$C$2 -> 2026-04-01 | D2: 3328 | E2: 347 | F2: 5 | G2: 4 | I2: SUKO | J2: 45395644 | K2: D2L3A4J4 | L2: CELANA PANJANG JEANS LIPIT DRAPEY D2L3A4J4:LIGHT DENIM:S:SOLID:CELANA PANJANG JEANS | M2: 349900 | N2: SP | O2: 329000 | P2: SPECIAL PRICE
A3: 2025 H2 Denim Bottom SP329 | B3: ='2023 SP 79'!$B$2 -> 2026-03-20 | C3: ='2023 SP 79'!$C$2 -> 2026-04-01 | D3: 3328 | E3: 347 | F3: 5 | G3: 4 | I3: SUKO | J3: 45395653 | K3: D2L3A4J4 | L3: CELANA PANJANG JEANS LIPIT DRAPEY D2L3A4J4:LIGHT DENIM:M:SOLID:CELANA PANJANG JEANS | M3: 349900 | N3: SP | O3: 329000 | P3: SPECIAL PRICE
A4: 2025 H2 Denim Bottom SP329 | B4: ='2023 SP 79'!$B$2 -> 2026-03-20 | C4: ='2023 SP 79'!$C$2 -> 2026-04-01 | D4: 3328 | E4: 347 | F4: 5 | G4: 4 | I4: SUKO | J4: 45395662 | K4: D2L3A4J4 | L4: CELANA PANJANG JEANS LIPIT DRAPEY D2L3A4J4:LIGHT DENIM:L:SOLID:CELANA PANJANG JEANS | M4: 349900 | N4: SP | O4: 329000 | P4: SPECIAL PRICE
A5: 2025 H2 Denim Bottom SP329 | B5: ='2023 SP 79'!$B$2 -> 2026-03-20 | C5: ='2023 SP 79'!$C$2 -> 2026-04-01 | D5: 3328 | E5: 347 | F5: 5 | G5: 4 | I5: SUKO | J5: 45395671 | K5: D2L3A4J4 | L5: CELANA PANJANG JEANS LIPIT DRAPEY D2L3A4J4:LIGHT DENIM:XL:SOLID:CELANA PANJANG JEANS | M5: 349900 | N5: SP | O5: 329000 | P5: SPECIAL PRICE
A6: 2025 H2 Denim Bottom SP329 | B6: ='2023 SP 79'!$B$2 -> 2026-03-20 | C6: ='2023 SP 79'!$C$2 -> 2026-04-01 | D6: 3328 | E6: 347 | F6: 5 | G6: 4 | I6: SUKO | J6: 45395680 | K6: D2L3B4J4 | L6: CELANA PANJANG JEANS LIPIT DRAPEY D2L3B4J4:DARK DENIM:S:SOLID:CELANA PANJANG JEANS | M6: 349900 | N6: SP | O6: 329000 | P6: SPECIAL PRICE
A7: 2025 H2 Denim Bottom SP329 | B7: ='2023 SP 79'!$B$2 -> 2026-03-20 | C7: ='2023 SP 79'!$C$2 -> 2026-04-01 | D7: 3328 | E7: 347 | F7: 5 | G7: 4 | I7: SUKO | J7: 45395699 | K7: D2L3B4J4 | L7: CELANA PANJANG JEANS LIPIT DRAPEY D2L3B4J4:DARK DENIM:M:SOLID:CELANA PANJANG JEANS | M7: 349900 | N7: SP | O7: 329000 | P7: SPECIAL PRICE
A8: 2025 H2 Denim Bottom SP329 | B8: ='2023 SP 79'!$B$2 -> 2026-03-20 | C8: ='2023 SP 79'!$C$2 -> 2026-04-01 | D8: 3328 | E8: 347 | F8: 5 | G8: 4 | I8: SUKO | J8: 45395706 | K8: D2L3B4J4 | L8: CELANA PANJANG JEANS LIPIT DRAPEY D2L3B4J4:DARK DENIM:L:SOLID:CELANA PANJANG JEANS | M8: 349900 | N8: SP | O8: 329000 | P8: SPECIAL PRICE
A9: 2025 H2 Denim Bottom SP329 | B9: ='2023 SP 79'!$B$2 -> 2026-03-20 | C9: ='2023 SP 79'!$C$2 -> 2026-04-01 | D9: 3328 | E9: 347 | F9: 5 | G9: 4 | I9: SUKO | J9: 45395715 | K9: D2L3B4J4 | L9: CELANA PANJANG JEANS LIPIT DRAPEY D2L3B4J4:DARK DENIM:XL:SOLID:CELANA PANJANG JEANS | M9: 349900 | N9: SP | O9: 329000 | P9: SPECIAL PRICE

Sheet 2025 H2 SP 179
A1: ACARA | B1: FROM DATE | C1: TO DATE | D1: DEPT | E1: WORLD | F1: DIVISION | G1: CLASS | H1: SUPPLIER | I1: BRAND | J1: SKU | K1: ARTICLE | L1: DESCRIPTION | M1: HARGA NORMAL | N1: DISKON | O1: HARGA PROMO | P1: DISCOUNT TYPE
A2: 2025 H2 Woven Bottom, Dress SP179 | B2: ='2023 SP 79'!$B$2 -> 2026-03-20 | C2: ='2023 SP 79'!$C$2 -> 2026-04-01 | D2: 3328 | E2: 347 | F2: 5 | G2: 5 | I2: SUKO | J2: 61562629 | K2: W3L995J5 | L2: ROK SATIN W3L995J5:BLACK:S:SOLID:ROK SATIN | M2: 259900 | N2: SP | O2: 179000 | P2: SPECIAL PRICE
A3: 2025 H2 Woven Bottom, Dress SP179 | B3: ='2023 SP 79'!$B$2 -> 2026-03-20 | C3: ='2023 SP 79'!$C$2 -> 2026-04-01 | D3: 3328 | E3: 347 | F3: 5 | G3: 5 | I3: SUKO | J3: 61562638 | K3: W3L995J5 | L3: ROK SATIN W3L995J5:BLACK:M:SOLID:ROK SATIN | M3: 259900 | N3: SP | O3: 179000 | P3: SPECIAL PRICE
A4: 2025 H2 Woven Bottom, Dress SP179 | B4: ='2023 SP 79'!$B$2 -> 2026-03-20 | C4: ='2023 SP 79'!$C$2 -> 2026-04-01 | D4: 3328 | E4: 347 | F4: 5 | G4: 5 | I4: SUKO | J4: 61562647 | K4: W3L995J5 | L4: ROK SATIN W3L995J5:BLACK:L:SOLID:ROK SATIN | M4: 259900 | N4: SP | O4: 179000 | P4: SPECIAL PRICE
A5: 2025 H2 Woven Bottom, Dress SP179 | B5: ='2023 SP 79'!$B$2 -> 2026-03-20 | C5: ='2023 SP 79'!$C$2 -> 2026-04-01 | D5: 3328 | E5: 347 | F5: 5 | G5: 5 | I5: SUKO | J5: 61562656 | K5: W3L995J5 | L5: ROK SATIN W3L995J5:BLACK:XL:SOLID:ROK SATIN | M5: 259900 | N5: SP | O5: 179000 | P5: SPECIAL PRICE
A6: 2025 H2 Woven Bottom, Dress SP179 | B6: ='2023 SP 79'!$B$2 -> 2026-03-20 | C6: ='2023 SP 79'!$C$2 -> 2026-04-01 | D6: 3328 | E6: 347 | F6: 5 | G6: 5 | I6: SUKO | J6: 61562665 | K6: W3L995J5 | L6: ROK SATIN W3L995J5:RUSTIC BROWN:S:SOLID:ROK SATIN | M6: 259900 | N6: SP | O6: 179000 | P6: SPECIAL PRICE
A7: 2025 H2 Woven Bottom, Dress SP179 | B7: ='2023 SP 79'!$B$2 -> 2026-03-20 | C7: ='2023 SP 79'!$C$2 -> 2026-04-01 | D7: 3328 | E7: 347 | F7: 5 | G7: 5 | I7: SUKO | J7: 61562674 | K7: W3L995J5 | L7: ROK SATIN W3L995J5:RUSTIC BROWN:M:SOLID:ROK SATIN | M7: 259900 | N7: SP | O7: 179000 | P7: SPECIAL PRICE
A8: 2025 H2 Woven Bottom, Dress SP179 | B8: ='2023 SP 79'!$B$2 -> 2026-03-20 | C8: ='2023 SP 79'!$C$2 -> 2026-04-01 | D8: 3328 | E8: 347 | F8: 5 | G8: 5 | I8: SUKO | J8: 61562683 | K8: W3L995J5 | L8: ROK SATIN W3L995J5:RUSTIC BROWN:L:SOLID:ROK SATIN | M8: 259900 | N8: SP | O8: 179000 | P8: SPECIAL PRICE
A9: 2025 H2 Woven Bottom, Dress SP179 | B9: ='2023 SP 79'!$B$2 -> 2026-03-20 | C9: ='2023 SP 79'!$C$2 -> 2026-04-01 | D9: 3328 | E9: 347 | F9: 5 | G9: 5 | I9: SUKO | J9: 61562692 | K9: W3L995J5 | L9: ROK SATIN W3L995J5:RUSTIC BROWN:XL:SOLID:ROK SATIN | M9: 259900 | N9: SP | O9: 179000 | P9: SPECIAL PRICE
A10: 2025 H2 Woven Bottom, Dress SP179 | B10: ='2023 SP 79'!$B$2 -> 2026-03-20 | C10: ='2023 SP 79'!$C$2 -> 2026-04-01 | D10: 3328 | E10: 347 | F10: 5 | G10: 5 | I10: SUKO | J10: 61562709 | K10: W3L995J5 | L10: ROK SATIN W3L995J5:WINE:S:SOLID:ROK SATIN | M10: 259900 | N10: SP | O10: 179000 | P10: SPECIAL PRICE
A11: 2025 H2 Woven Bottom, Dress SP179 | B11: ='2023 SP 79'!$B$2 -> 2026-03-20 | C11: ='2023 SP 79'!$C$2 -> 2026-04-01 | D11: 3328 | E11: 347 | F11: 5 | G11: 5 | I11: SUKO | J11: 61562718 | K11: W3L995J5 | L11: ROK SATIN W3L995J5:WINE:M:SOLID:ROK SATIN | M11: 259900 | N11: SP | O11: 179000 | P11: SPECIAL PRICE
A12: 2025 H2 Woven Bottom, Dress SP179 | B12: ='2023 SP 79'!$B$2 -> 2026-03-20 | C12: ='2023 SP 79'!$C$2 -> 2026-04-01 | D12: 3328 | E12: 347 | F12: 5 | G12: 5 | I12: SUKO | J12: 61562727 | K12: W3L995J5 | L12: ROK SATIN W3L995J5:WINE:L:SOLID:ROK SATIN | M12: 259900 | N12: SP | O12: 179000 | P12: SPECIAL PRICE
A13: 2025 H2 Woven Bottom, Dress SP179 | B13: ='2023 SP 79'!$B$2 -> 2026-03-20 | C13: ='2023 SP 79'!$C$2 -> 2026-04-01 | D13: 3328 | E13: 347 | F13: 5 | G13: 5 | I13: SUKO | J13: 61562736 | K13: W3L995J5 | L13: ROK SATIN W3L995J5:WINE:XL:SOLID:ROK SATIN | M13: 259900 | N13: SP | O13: 179000 | P13: SPECIAL PRICE
... A37: 2025 H2 Woven Bottom, Dress SP179 | B37: ='2023 SP 79'!$B$2 -> 2026-03-20 | C37: ='2023 SP 79'!$C$2 -> 2026-04-01 | D37: 3328 | E37: 347 | F37: 5 | G37: 5 | I37: SUKO | J37: 61099541 | K37: W2L925G5 | L37: CELANA PANJANG ANKLE W2L925G5:OLIVE:XL:SOLID:CELANA PANJANG ANKLE | M37: 249900 | N37: SP | O37: 179000 | P37: SPECIAL PRICE

Sheet 2025 H2 NORMAL PRICE
A1: ACARA | B1: FROM DATE | C1: TO DATE | D1: DEPT | E1: WORLD | F1: DIVISION | G1: CLASS | H1: SUPPLIER | I1: BRAND | J1: SKU | K1: ARTICLE | L1: DESCRIPTION | M1: HARGA NORMAL | N1: DISKON | O1: HARGA PROMO | P1: DISCOUNT TYPE
A2: 2025 H2 Normal Price | B2: ='2023 SP 79'!$B$2 -> 2026-03-20 | C2: ='2023 SP 79'!$C$2 -> 2026-04-01 | D2: 3328 | E2: 347 | F2: 5 | G2: 1 | I2: SUKO | J2: 54714513 | K2: T1L705D1 | L2: SLEEVELESS T-SHIRT WITH SIDE SLIT T1L705D1:BLACK:S:SOLID:SLEEVELESS T-SHIRT | M2: 129900 | N2: 0 | O2: NORMAL PRICE | P2: AMOUNT
A3: 2025 H2 Normal Price | B3: ='2023 SP 79'!$B$2 -> 2026-03-20 | C3: ='2023 SP 79'!$C$2 -> 2026-04-01 | D3: 3328 | E3: 347 | F3: 5 | G3: 1 | I3: SUKO | J3: 54714522 | K3: T1L705D1 | L3: SLEEVELESS T-SHIRT WITH SIDE SLIT T1L705D1:BLACK:M:SOLID:SLEEVELESS T-SHIRT | M3: 129900 | N3: 0 | O3: NORMAL PRICE | P3: AMOUNT
A4: 2025 H2 Normal Price | B4: ='2023 SP 79'!$B$2 -> 2026-03-20 | C4: ='2023 SP 79'!$C$2 -> 2026-04-01 | D4: 3328 | E4: 347 | F4: 5 | G4: 1 | I4: SUKO | J4: 54714531 | K4: T1L705D1 | L4: SLEEVELESS T-SHIRT WITH SIDE SLIT T1L705D1:BLACK:L:SOLID:SLEEVELESS T-SHIRT | M4: 129900 | N4: 0 | O4: NORMAL PRICE | P4: AMOUNT
A5: 2025 H2 Normal Price | B5: ='2023 SP 79'!$B$2 -> 2026-03-20 | C5: ='2023 SP 79'!$C$2 -> 2026-04-01 | D5: 3328 | E5: 347 | F5: 5 | G5: 1 | I5: SUKO | J5: 54714540 | K5: T1L705D1 | L5: SLEEVELESS T-SHIRT WITH SIDE SLIT T1L705D1:BLACK:XL:SOLID:SLEEVELESS T-SHIRT | M5: 129900 | N5: 0 | O5: NORMAL PRICE | P5: AMOUNT
A6: 2025 H2 Normal Price | B6: ='2023 SP 79'!$B$2 -> 2026-03-20 | C6: ='2023 SP 79'!$C$2 -> 2026-04-01 | D6: 3328 | E6: 347 | F6: 5 | G6: 1 | I6: SUKO | J6: 54714559 | K6: T1L705D1 | L6: SLEEVELESS T-SHIRT WITH SIDE SLIT T1L705D1:VANILLA:S:SOLID:SLEEVELESS T-SHIRT | M6: 129900 | N6: 0 | O6: NORMAL PRICE | P6: AMOUNT
A7: 2025 H2 Normal Price | B7: ='2023 SP 79'!$B$2 -> 2026-03-20 | C7: ='2023 SP 79'!$C$2 -> 2026-04-01 | D7: 3328 | E7: 347 | F7: 5 | G7: 1 | I7: SUKO | J7: 54714568 | K7: T1L705D1 | L7: SLEEVELESS T-SHIRT WITH SIDE SLIT T1L705D1:VANILLA:M:SOLID:SLEEVELESS T-SHIRT | M7: 129900 | N7: 0 | O7: NORMAL PRICE | P7: AMOUNT
A8: 2025 H2 Normal Price | B8: ='2023 SP 79'!$B$2 -> 2026-03-20 | C8: ='2023 SP 79'!$C$2 -> 2026-04-01 | D8: 3328 | E8: 347 | F8: 5 | G8: 1 | I8: SUKO | J8: 54714577 | K8: T1L705D1 | L8: SLEEVELESS T-SHIRT WITH SIDE SLIT T1L705D1:VANILLA:L:SOLID:SLEEVELESS T-SHIRT | M8: 129900 | N8: 0 | O8: NORMAL PRICE | P8: AMOUNT
A9: 2025 H2 Normal Price | B9: ='2023 SP 79'!$B$2 -> 2026-03-20 | C9: ='2023 SP 79'!$C$2 -> 2026-04-01 | D9: 3328 | E9: 347 | F9: 5 | G9: 1 | I9: SUKO | J9: 54714586 | K9: T1L705D1 | L9: SLEEVELESS T-SHIRT WITH SIDE SLIT T1L705D1:VANILLA:XL:SOLID:SLEEVELESS T-SHIRT | M9: 129900 | N9: 0 | O9: NORMAL PRICE | P9: AMOUNT
A10: 2025 H2 Normal Price | B10: ='2023 SP 79'!$B$2 -> 2026-03-20 | C10: ='2023 SP 79'!$C$2 -> 2026-04-01 | D10: 3328 | E10: 347 | F10: 5 | G10: 1 | I10: SUKO | J10: 54714595 | K10: T1L705D1 | L10: SLEEVELESS T-SHIRT WITH SIDE SLIT T1L705D1:OLIVE:S:SOLID:SLEEVELESS T-SHIRT | M10: 129900 | N10: 0 | O10: NORMAL PRICE | P10: AMOUNT
A11: 2025 H2 Normal Price | B11: ='2023 SP 79'!$B$2 -> 2026-03-20 | C11: ='2023 SP 79'!$C$2 -> 2026-04-01 | D11: 3328 | E11: 347 | F11: 5 | G11: 1 | I11: SUKO | J11: 54714602 | K11: T1L705D1 | L11: SLEEVELESS T-SHIRT WITH SIDE SLIT T1L705D1:OLIVE:M:SOLID:SLEEVELESS T-SHIRT | M11: 129900 | N11: 0 | O11: NORMAL PRICE | P11: AMOUNT
A12: 2025 H2 Normal Price | B12: ='2023 SP 79'!$B$2 -> 2026-03-20 | C12: ='2023 SP 79'!$C$2 -> 2026-04-01 | D12: 3328 | E12: 347 | F12: 5 | G12: 1 | I12: SUKO | J12: 54714611 | K12: T1L705D1 | L12: SLEEVELESS T-SHIRT WITH SIDE SLIT T1L705D1:OLIVE:L:SOLID:SLEEVELESS T-SHIRT | M12: 129900 | N12: 0 | O12: NORMAL PRICE | P12: AMOUNT
A13: 2025 H2 Normal Price | B13: ='2023 SP 79'!$B$2 -> 2026-03-20 | C13: ='2023 SP 79'!$C$2 -> 2026-04-01 | D13: 3328 | E13: 347 | F13: 5 | G13: 1 | I13: SUKO | J13: 54714620 | K13: T1L705D1 | L13: SLEEVELESS T-SHIRT WITH SIDE SLIT T1L705D1:OLIVE:XL:SOLID:SLEEVELESS T-SHIRT | M13: 129900 | N13: 0 | O13: NORMAL PRICE | P13: AMOUNT
... A93: 2025 H2 Normal Price | B93: ='2023 SP 79'!$B$2 -> 2026-03-20 | C93: ='2023 SP 79'!$C$2 -> 2026-04-01 | D93: 3328 | E93: 347 | F93: 5 | G93: 3 | I93: SUKO | J93: 61146758 | K93: O1L1395K12 | L93: JAKET CARDIGAN LENGAN PANJANG O1L1395K12:OFF WHITE:L/XL:SOLID:JAKET CARDIGAN | M93: 249900 | N93: 0 | O93: NORMAL PRICE | P93: AMOUNT

Sheet 2026 H1 SP99
A1: ACARA | B1: FROM DATE | C1: TO DATE | D1: DEPT | E1: WORLD | F1: DIVISION | G1: CLASS | H1: SUPPLIER | I1: BRAND | J1: SKU | K1: ARTICLE | L1: DESCRIPTION | M1: HARGA NORMAL | N1: DISKON | O1: HARGA PROMO | P1: DISCOUNT TYPE
A2: 2026 H1 Lebaran Item SP99 | B2: 2026-03-12 | C2: 2026-03-18 | D2: 3328 | E2: 347 | F2: 5 | G2: 2 | I2: SUKO | J2: 67947417 | K2: B4L1236A3-1 | L2: BLOUSE MOTIF ASIMETRIS LENGAN PANJANG B4L1236A3-1:PASTEL GREEN:S:PRINT:BLOUSE MOTIF | M2: 279900 | N2: SP | O2: 99000 | P2: SPECIAL PRICE
A3: 2026 H1 Lebaran Item SP99 | B3: 2026-03-12 | C3: 2026-03-18 | D3: 3328 | E3: 347 | F3: 5 | G3: 2 | I3: SUKO | J3: 67947426 | K3: B4L1236A3-1 | L3: BLOUSE MOTIF ASIMETRIS LENGAN PANJANG B4L1236A3-1:PASTEL GREEN:M:PRINT:BLOUSE MOTIF | M3: 279900 | N3: SP | O3: 99000 | P3: SPECIAL PRICE
A4: 2026 H1 Lebaran Item SP99 | B4: 2026-03-12 | C4: 2026-03-18 | D4: 3328 | E4: 347 | F4: 5 | G4: 2 | I4: SUKO | J4: 67947435 | K4: B4L1236A3-1 | L4: BLOUSE MOTIF ASIMETRIS LENGAN PANJANG B4L1236A3-1:PASTEL GREEN:L:PRINT:BLOUSE MOTIF | M4: 279900 | N4: SP | O4: 99000 | P4: SPECIAL PRICE
A5: 2026 H1 Lebaran Item SP99 | B5: 2026-03-12 | C5: 2026-03-18 | D5: 3328 | E5: 347 | F5: 5 | G5: 2 | I5: SUKO | J5: 67947444 | K5: B4L1236A3-1 | L5: BLOUSE MOTIF ASIMETRIS LENGAN PANJANG B4L1236A3-1:PASTEL GREEN:XL:PRINT:BLOUSE MOTIF | M5: 279900 | N5: SP | O5: 99000 | P5: SPECIAL PRICE
A6: 2026 H1 Lebaran Item SP99 | B6: 2026-03-12 | C6: 2026-03-18 | D6: 3328 | E6: 347 | F6: 5 | G6: 2 | I6: SUKO | J6: 67947499 | K6: B4L1236A3-3 | L6: BLOUSE MOTIF ASIMETRIS LENGAN PANJANG B4L1236A3-3:WHITE:S:PRINT:BLOUSE MOTIF | M6: 279900 | N6: SP | O6: 99000 | P6: SPECIAL PRICE
A7: 2026 H1 Lebaran Item SP99 | B7: 2026-03-12 | C7: 2026-03-18 | D7: 3328 | E7: 347 | F7: 5 | G7: 2 | I7: SUKO | J7: 67947506 | K7: B4L1236A3-3 | L7: BLOUSE MOTIF ASIMETRIS LENGAN PANJANG B4L1236A3-3:WHITE:M:PRINT:BLOUSE MOTIF | M7: 279900 | N7: SP | O7: 99000 | P7: SPECIAL PRICE
A8: 2026 H1 Lebaran Item SP99 | B8: 2026-03-12 | C8: 2026-03-18 | D8: 3328 | E8: 347 | F8: 5 | G8: 2 | I8: SUKO | J8: 67947515 | K8: B4L1236A3-3 | L8: BLOUSE MOTIF ASIMETRIS LENGAN PANJANG B4L1236A3-3:WHITE:L:PRINT:BLOUSE MOTIF | M8: 279900 | N8: SP | O8: 99000 | P8: SPECIAL PRICE
A9: 2026 H1 Lebaran Item SP99 | B9: 2026-03-12 | C9: 2026-03-18 | D9: 3328 | E9: 347 | F9: 5 | G9: 2 | I9: SUKO | J9: 67947524 | K9: B4L1236A3-3 | L9: BLOUSE MOTIF ASIMETRIS LENGAN PANJANG B4L1236A3-3:WHITE:XL:PRINT:BLOUSE MOTIF | M9: 279900 | N9: SP | O9: 99000 | P9: SPECIAL PRICE
A10: 2026 H1 Lebaran Item SP99 | B10: 2026-03-12 | C10: 2026-03-18 | D10: 3328 | E10: 347 | F10: 5 | G10: 2 | I10: SUKO | J10: 67947453 | K10: B4L1236A3-2 | L10: BLOUSE MOTIF ASIMETRIS LENGAN PANJANG B4L1236A3-2:PASTEL LAVENDER:S:PRINT:BLOUSE MOTIF | M10: 279900 | N10: SP | O10: 99000 | P10: SPECIAL PRICE
A11: 2026 H1 Lebaran Item SP99 | B11: 2026-03-12 | C11: 2026-03-18 | D11: 3328 | E11: 347 | F11: 5 | G11: 2 | I11: SUKO | J11: 67947462 | K11: B4L1236A3-2 | L11: BLOUSE MOTIF ASIMETRIS LENGAN PANJANG B4L1236A3-2:PASTEL LAVENDER:M:PRINT:BLOUSE MOTIF | M11: 279900 | N11: SP | O11: 99000 | P11: SPECIAL PRICE
A12: 2026 H1 Lebaran Item SP99 | B12: 2026-03-12 | C12: 2026-03-18 | D12: 3328 | E12: 347 | F12: 5 | G12: 2 | I12: SUKO | J12: 67947471 | K12: B4L1236A3-2 | L12: BLOUSE MOTIF ASIMETRIS LENGAN PANJANG B4L1236A3-2:PASTEL LAVENDER:L:PRINT:BLOUSE MOTIF | M12: 279900 | N12: SP | O12: 99000 | P12: SPECIAL PRICE
A13: 2026 H1 Lebaran Item SP99 | B13: 2026-03-12 | C13: 2026-03-18 | D13: 3328 | E13: 347 | F13: 5 | G13: 2 | I13: SUKO | J13: 67947480 | K13: B4L1236A3-2 | L13: BLOUSE MOTIF ASIMETRIS LENGAN PANJANG B4L1236A3-2:PASTEL LAVENDER:XL:PRINT:BLOUSE MOTIF | M13: 279900 | N13: SP | O13: 99000 | P13: SPECIAL PRICE
... A41: 2026 H1 Lebaran Item SP99 | B41: 2026-03-12 | C41: 2026-03-18 | D41: 3328 | E41: 347 | F41: 5 | G41: 2 | I41: SUKO | J41: 67947408 | K41: S2L1426A3 | L41: KEMEJA RUFFLE LENGAN PANJANG S2L1426A3:OFF WHITE:XL:SOLID:KEMEJA RUFFLE | M41: 279900 | N41: SP | O41: 99000 | P41: SPECIAL PRICE

Sheet 2026 H1 SP129
A1: ACARA | B1: FROM DATE | C1: TO DATE | D1: DEPT | E1: WORLD | F1: DIVISION | G1: CLASS | H1: SUPPLIER | I1: BRAND | J1: SKU | K1: ARTICLE | L1: DESCRIPTION | M1: HARGA NORMAL | N1: DISKON | O1: HARGA PROMO | P1: DISCOUNT TYPE
A2: 2026 H1 Lebaran Item SP129 | B2: ='2023 SP 79'!$B$2 -> 2026-03-20 | C2: ='2023 SP 79'!$C$2 -> 2026-04-01 | D2: 3328 | E2: 347 | F2: 5 | G2: 7 | I2: SUKO | J2: 67947579 | K2: R1L1306A3 | L2: GAUN RELAX WITH A TIE LENGAN PANJANG R1L1306A3:DUSTY PINK:S:SOLID:GAUN RELAX WITH A TIE | M2: 349900 | N2: SP | O2: 129000 | P2: SPECIAL PRICE
A3: 2026 H1 Lebaran Item SP129 | B3: ='2023 SP 79'!$B$2 -> 2026-03-20 | C3: ='2023 SP 79'!$C$2 -> 2026-04-01 | D3: 3328 | E3: 347 | F3: 5 | G3: 7 | I3: SUKO | J3: 67947588 | K3: R1L1306A3 | L3: GAUN RELAX WITH A TIE LENGAN PANJANG R1L1306A3:DUSTY PINK:M:SOLID:GAUN RELAX WITH A TIE | M3: 349900 | N3: SP | O3: 129000 | P3: SPECIAL PRICE
A4: 2026 H1 Lebaran Item SP129 | B4: ='2023 SP 79'!$B$2 -> 2026-03-20 | C4: ='2023 SP 79'!$C$2 -> 2026-04-01 | D4: 3328 | E4: 347 | F4: 5 | G4: 7 | I4: SUKO | J4: 67947597 | K4: R1L1306A3 | L4: GAUN RELAX WITH A TIE LENGAN PANJANG R1L1306A3:DUSTY PINK:L:SOLID:GAUN RELAX WITH A TIE | M4: 349900 | N4: SP | O4: 129000 | P4: SPECIAL PRICE
A5: 2026 H1 Lebaran Item SP129 | B5: ='2023 SP 79'!$B$2 -> 2026-03-20 | C5: ='2023 SP 79'!$C$2 -> 2026-04-01 | D5: 3328 | E5: 347 | F5: 5 | G5: 7 | I5: SUKO | J5: 67947604 | K5: R1L1306A3 | L5: GAUN RELAX WITH A TIE LENGAN PANJANG R1L1306A3:DUSTY PINK:XL:SOLID:GAUN RELAX WITH A TIE | M5: 349900 | N5: SP | O5: 129000 | P5: SPECIAL PRICE
A6: 2026 H1 Lebaran Item SP129 | B6: ='2023 SP 79'!$B$2 -> 2026-03-20 | C6: ='2023 SP 79'!$C$2 -> 2026-04-01 | D6: 3328 | E6: 347 | F6: 5 | G6: 7 | I6: SUKO | J6: 67947613 | K6: R1L1306A3 | L6: GAUN RELAX WITH A TIE LENGAN PANJANG R1L1306A3:JADE:S:SOLID:GAUN RELAX WITH A TIE | M6: 349900 | N6: SP | O6: 129000 | P6: SPECIAL PRICE
A7: 2026 H1 Lebaran Item SP129 | B7: ='2023 SP 79'!$B$2 -> 2026-03-20 | C7: ='2023 SP 79'!$C$2 -> 2026-04-01 | D7: 3328 | E7: 347 | F7: 5 | G7: 7 | I7: SUKO | J7: 67947622 | K7: R1L1306A3 | L7: GAUN RELAX WITH A TIE LENGAN PANJANG R1L1306A3:JADE:M:SOLID:GAUN RELAX WITH A TIE | M7: 349900 | N7: SP | O7: 129000 | P7: SPECIAL PRICE
A8: 2026 H1 Lebaran Item SP129 | B8: ='2023 SP 79'!$B$2 -> 2026-03-20 | C8: ='2023 SP 79'!$C$2 -> 2026-04-01 | D8: 3328 | E8: 347 | F8: 5 | G8: 7 | I8: SUKO | J8: 67947631 | K8: R1L1306A3 | L8: GAUN RELAX WITH A TIE LENGAN PANJANG R1L1306A3:JADE:L:SOLID:GAUN RELAX WITH A TIE | M8: 349900 | N8: SP | O8: 129000 | P8: SPECIAL PRICE
A9: 2026 H1 Lebaran Item SP129 | B9: ='2023 SP 79'!$B$2 -> 2026-03-20 | C9: ='2023 SP 79'!$C$2 -> 2026-04-01 | D9: 3328 | E9: 347 | F9: 5 | G9: 7 | I9: SUKO | J9: 67947640 | K9: R1L1306A3 | L9: GAUN RELAX WITH A TIE LENGAN PANJANG R1L1306A3:JADE:XL:SOLID:GAUN RELAX WITH A TIE | M9: 349900 | N9: SP | O9: 129000 | P9: SPECIAL PRICE
A10: 2026 H1 Lebaran Item SP129 | B10: ='2023 SP 79'!$B$2 -> 2026-03-20 | C10: ='2023 SP 79'!$C$2 -> 2026-04-01 | D10: 3328 | E10: 347 | F10: 5 | G10: 7 | I10: SUKO | J10: 67947533 | K10: R1L1306A3 | L10: GAUN RELAX WITH A TIE LENGAN PANJANG R1L1306A3:LIGHT BLUE:S:SOLID:GAUN RELAX WITH A TIE | M10: 349900 | N10: SP | O10: 129000 | P10: SPECIAL PRICE
A11: 2026 H1 Lebaran Item SP129 | B11: ='2023 SP 79'!$B$2 -> 2026-03-20 | C11: ='2023 SP 79'!$C$2 -> 2026-04-01 | D11: 3328 | E11: 347 | F11: 5 | G11: 7 | I11: SUKO | J11: 67947542 | K11: R1L1306A3 | L11: GAUN RELAX WITH A TIE LENGAN PANJANG R1L1306A3:LIGHT BLUE:M:SOLID:GAUN RELAX WITH A TIE | M11: 349900 | N11: SP | O11: 129000 | P11: SPECIAL PRICE
A12: 2026 H1 Lebaran Item SP129 | B12: ='2023 SP 79'!$B$2 -> 2026-03-20 | C12: ='2023 SP 79'!$C$2 -> 2026-04-01 | D12: 3328 | E12: 347 | F12: 5 | G12: 7 | I12: SUKO | J12: 67947551 | K12: R1L1306A3 | L12: GAUN RELAX WITH A TIE LENGAN PANJANG R1L1306A3:LIGHT BLUE:L:SOLID:GAUN RELAX WITH A TIE | M12: 349900 | N12: SP | O12: 129000 | P12: SPECIAL PRICE
A13: 2026 H1 Lebaran Item SP129 | B13: ='2023 SP 79'!$B$2 -> 2026-03-20 | C13: ='2023 SP 79'!$C$2 -> 2026-04-01 | D13: 3328 | E13: 347 | F13: 5 | G13: 7 | I13: SUKO | J13: 67947560 | K13: R1L1306A3 | L13: GAUN RELAX WITH A TIE LENGAN PANJANG R1L1306A3:LIGHT BLUE:XL:SOLID:GAUN RELAX WITH A TIE | M13: 349900 | N13: SP | O13: 129000 | P13: SPECIAL PRICE
... A26: 2026 H1 Lebaran Item SP129 | B26: ='2023 SP 79'!$B$2 -> 2026-03-20 | C26: ='2023 SP 79'!$C$2 -> 2026-04-01 | D26: 3328 | E26: 347 | F26: 5 | G26: 7 | I26: SUKO | J26: 68186265 | K26: R2L1296A3-3 | L26: GAUN PRINT V-NECK LENGAN PANJANG R2L1296A3-3:WHITE:L/XL:GRAPHIC:GAUN PRINT | M26: 349900 | N26: SP | O26: 129000 | P26: SPECIAL PRICE

Sheet 2026 H1 SP159
A1: ACARA | B1: FROM DATE | C1: TO DATE | D1: DEPT | E1: WORLD | F1: DIVISION | G1: CLASS | H1: SUPPLIER | I1: BRAND | J1: SKU | K1: ARTICLE | L1: DESCRIPTION | M1: HARGA NORMAL | N1: DISKON | O1: HARGA PROMO | P1: DISCOUNT TYPE
A2: 2026 H1 Woven Bottom SP 159 | B2: 2026-02-26 | C2: 2026-03-04 | D2: 3328 | E2: 347 | F2: 5 | G2: 5 | I2: SUKO | J2: 67948014 | K2: W3L1496A5 | L2: ROK SEERSUCKER W3L1496A5:BLACK:S:SOLID:ROK SEERSUCKER | M2: 279900 | N2: SP | O2: 159000 | P2: SPECIAL PRICE
A3: 2026 H1 Woven Bottom SP 159 | B3: 2026-02-26 | C3: 2026-03-04 | D3: 3328 | E3: 347 | F3: 5 | G3: 5 | I3: SUKO | J3: 67948023 | K3: W3L1496A5 | L3: ROK SEERSUCKER W3L1496A5:BLACK:M:SOLID:ROK SEERSUCKER | M3: 279900 | N3: SP | O3: 159000 | P3: SPECIAL PRICE
A4: 2026 H1 Woven Bottom SP 159 | B4: 2026-02-26 | C4: 2026-03-04 | D4: 3328 | E4: 347 | F4: 5 | G4: 5 | I4: SUKO | J4: 67948032 | K4: W3L1496A5 | L4: ROK SEERSUCKER W3L1496A5:BLACK:L:SOLID:ROK SEERSUCKER | M4: 279900 | N4: SP | O4: 159000 | P4: SPECIAL PRICE
A5: 2026 H1 Woven Bottom SP 159 | B5: 2026-02-26 | C5: 2026-03-04 | D5: 3328 | E5: 347 | F5: 5 | G5: 5 | I5: SUKO | J5: 67948041 | K5: W3L1496A5 | L5: ROK SEERSUCKER W3L1496A5:BLACK:XL:SOLID:ROK SEERSUCKER | M5: 279900 | N5: SP | O5: 159000 | P5: SPECIAL PRICE
A6: 2026 H1 Woven Bottom SP 159 | B6: 2026-02-26 | C6: 2026-03-04 | D6: 3328 | E6: 347 | F6: 5 | G6: 5 | I6: SUKO | J6: 67947971 | K6: W3L1496A5 | L6: ROK SEERSUCKER W3L1496A5:DUSTY PINK:S:SOLID:ROK SEERSUCKER | M6: 279900 | N6: SP | O6: 159000 | P6: SPECIAL PRICE
A7: 2026 H1 Woven Bottom SP 159 | B7: 2026-02-26 | C7: 2026-03-04 | D7: 3328 | E7: 347 | F7: 5 | G7: 5 | I7: SUKO | J7: 67947980 | K7: W3L1496A5 | L7: ROK SEERSUCKER W3L1496A5:DUSTY PINK:M:SOLID:ROK SEERSUCKER | M7: 279900 | N7: SP | O7: 159000 | P7: SPECIAL PRICE
A8: 2026 H1 Woven Bottom SP 159 | B8: 2026-02-26 | C8: 2026-03-04 | D8: 3328 | E8: 347 | F8: 5 | G8: 5 | I8: SUKO | J8: 67947999 | K8: W3L1496A5 | L8: ROK SEERSUCKER W3L1496A5:DUSTY PINK:L:SOLID:ROK SEERSUCKER | M8: 279900 | N8: SP | O8: 159000 | P8: SPECIAL PRICE
A9: 2026 H1 Woven Bottom SP 159 | B9: 2026-02-26 | C9: 2026-03-04 | D9: 3328 | E9: 347 | F9: 5 | G9: 5 | I9: SUKO | J9: 67948005 | K9: W3L1496A5 | L9: ROK SEERSUCKER W3L1496A5:DUSTY PINK:XL:SOLID:ROK SEERSUCKER | M9: 279900 | N9: SP | O9: 159000 | P9: SPECIAL PRICE
A10: 2026 H1 Woven Bottom SP 159 | B10: 2026-02-26 | C10: 2026-03-04 | D10: 3328 | E10: 347 | F10: 5 | G10: 5 | I10: SUKO | J10: 67948050 | K10: W3L1496A5 | L10: ROK SEERSUCKER W3L1496A5:WHITE:S:SOLID:ROK SEERSUCKER | M10: 279900 | N10: SP | O10: 159000 | P10: SPECIAL PRICE
A11: 2026 H1 Woven Bottom SP 159 | B11: 2026-02-26 | C11: 2026-03-04 | D11: 3328 | E11: 347 | F11: 5 | G11: 5 | I11: SUKO | J11: 67948069 | K11: W3L1496A5 | L11: ROK SEERSUCKER W3L1496A5:WHITE:M:SOLID:ROK SEERSUCKER | M11: 279900 | N11: SP | O11: 159000 | P11: SPECIAL PRICE
A12: 2026 H1 Woven Bottom SP 159 | B12: 2026-02-26 | C12: 2026-03-04 | D12: 3328 | E12: 347 | F12: 5 | G12: 5 | I12: SUKO | J12: 67948078 | K12: W3L1496A5 | L12: ROK SEERSUCKER W3L1496A5:WHITE:L:SOLID:ROK SEERSUCKER | M12: 279900 | N12: SP | O12: 159000 | P12: SPECIAL PRICE
A13: 2026 H1 Woven Bottom SP 159 | B13: 2026-02-26 | C13: 2026-03-04 | D13: 3328 | E13: 347 | F13: 5 | G13: 5 | I13: SUKO | J13: 67948087 | K13: W3L1496A5 | L13: ROK SEERSUCKER W3L1496A5:WHITE:XL:SOLID:ROK SEERSUCKER | M13: 279900 | N13: SP | O13: 159000 | P13: SPECIAL PRICE

Sheet 2026 H1 SP199
A1: ACARA | B1: FROM DATE | C1: TO DATE | D1: DEPT | E1: WORLD | F1: DIVISION | G1: CLASS | H1: SUPPLIER | I1: BRAND | J1: SKU | K1: ARTICLE | L1: DESCRIPTION | M1: HARGA NORMAL | N1: DISKON | O1: HARGA PROMO | P1: DISCOUNT TYPE
A2: 2026 H1 Woven Top, Woven Bottom SP 199 | B2: ='2023 SP 79'!$B$2 -> 2026-03-20 | C2: ='2023 SP 79'!$C$2 -> 2026-04-01 | D2: 3328 | E2: 347 | F2: 5 | G2: 2 | I2: SUKO | J2: 51718168 | K2: S2OS13J2 | L2: KEMEJA OXFORD OVERSIZED STRIPED SHIRT L/S WOVEN TOP GARIS LENGAN PANJANG S2OS13J2:KHAKI:S:STRIPES:KE | M2: 249900 | N2: SP | O2: 199000 | P2: SPECIAL PRICE
A3: 2026 H1 Woven Top, Woven Bottom SP 199 | B3: ='2023 SP 79'!$B$2 -> 2026-03-20 | C3: ='2023 SP 79'!$C$2 -> 2026-04-01 | D3: 3328 | E3: 347 | F3: 5 | G3: 2 | I3: SUKO | J3: 51718177 | K3: S2OS13J2 | L3: KEMEJA OXFORD OVERSIZED STRIPED SHIRT L/S WOVEN TOP GARIS LENGAN PANJANG S2OS13J2:KHAKI:M:STRIPES:KE | M3: 249900 | N3: SP | O3: 199000 | P3: SPECIAL PRICE
A4: 2026 H1 Woven Top, Woven Bottom SP 199 | B4: ='2023 SP 79'!$B$2 -> 2026-03-20 | C4: ='2023 SP 79'!$C$2 -> 2026-04-01 | D4: 3328 | E4: 347 | F4: 5 | G4: 2 | I4: SUKO | J4: 51718186 | K4: S2OS13J2 | L4: KEMEJA OXFORD OVERSIZED STRIPED SHIRT L/S WOVEN TOP GARIS LENGAN PANJANG S2OS13J2:KHAKI:L:STRIPES:KE | M4: 249900 | N4: SP | O4: 199000 | P4: SPECIAL PRICE
A5: 2026 H1 Woven Top, Woven Bottom SP 199 | B5: ='2023 SP 79'!$B$2 -> 2026-03-20 | C5: ='2023 SP 79'!$C$2 -> 2026-04-01 | D5: 3328 | E5: 347 | F5: 5 | G5: 2 | I5: SUKO | J5: 51718195 | K5: S2OS13J2 | L5: KEMEJA OXFORD OVERSIZED STRIPED SHIRT L/S WOVEN TOP GARIS LENGAN PANJANG S2OS13J2:KHAKI:XL:STRIPES:K | M5: 249900 | N5: SP | O5: 199000 | P5: SPECIAL PRICE
A6: 2026 H1 Woven Top, Woven Bottom SP 199 | B6: ='2023 SP 79'!$B$2 -> 2026-03-20 | C6: ='2023 SP 79'!$C$2 -> 2026-04-01 | D6: 3328 | E6: 347 | F6: 5 | G6: 2 | I6: SUKO | J6: 13472665 | K6: S2OS13J2 | L6: KEMEJA OXFORD OVERSIZED STRIPED SHIRT L/S WOVEN TOP GARIS LENGAN PANJANG S2OS13J2:PASTEL BLUE:S:STRI | M6: 249900 | N6: SP | O6: 199000 | P6: SPECIAL PRICE
A7: 2026 H1 Woven Top, Woven Bottom SP 199 | B7: ='2023 SP 79'!$B$2 -> 2026-03-20 | C7: ='2023 SP 79'!$C$2 -> 2026-04-01 | D7: 3328 | E7: 347 | F7: 5 | G7: 2 | I7: SUKO | J7: 13472674 | K7: S2OS13J2 | L7: KEMEJA OXFORD OVERSIZED STRIPED SHIRT L/S WOVEN TOP GARIS LENGAN PANJANG S2OS13J2:PASTEL BLUE:M:STRI | M7: 249900 | N7: SP | O7: 199000 | P7: SPECIAL PRICE
A8: 2026 H1 Woven Top, Woven Bottom SP 199 | B8: ='2023 SP 79'!$B$2 -> 2026-03-20 | C8: ='2023 SP 79'!$C$2 -> 2026-04-01 | D8: 3328 | E8: 347 | F8: 5 | G8: 2 | I8: SUKO | J8: 13472683 | K8: S2OS13J2 | L8: KEMEJA OXFORD OVERSIZED STRIPED SHIRT L/S WOVEN TOP GARIS LENGAN PANJANG S2OS13J2:PASTEL BLUE:L:STRI | M8: 249900 | N8: SP | O8: 199000 | P8: SPECIAL PRICE
A9: 2026 H1 Woven Top, Woven Bottom SP 199 | B9: ='2023 SP 79'!$B$2 -> 2026-03-20 | C9: ='2023 SP 79'!$C$2 -> 2026-04-01 | D9: 3328 | E9: 347 | F9: 5 | G9: 2 | I9: SUKO | J9: 13472692 | K9: S2OS13J2 | L9: KEMEJA OXFORD OVERSIZED STRIPED SHIRT L/S WOVEN TOP GARIS LENGAN PANJANG S2OS13J2:PASTEL BLUE:XL:STR | M9: 249900 | N9: SP | O9: 199000 | P9: SPECIAL PRICE
A10: 2026 H1 Woven Top, Woven Bottom SP 199 | B10: ='2023 SP 79'!$B$2 -> 2026-03-20 | C10: ='2023 SP 79'!$C$2 -> 2026-04-01 | D10: 3328 | E10: 347 | F10: 5 | G10: 2 | I10: SUKO | J10: 22246482 | K10: S2OS13J2 | L10: KEMEJA OXFORD OVERSIZED STRIPED SHIRT L/S WOVEN TOP GARIS LENGAN PANJANG S2OS13J2:PASTEL PINK:S:STRI | M10: 249900 | N10: SP | O10: 199000 | P10: SPECIAL PRICE
A11: 2026 H1 Woven Top, Woven Bottom SP 199 | B11: ='2023 SP 79'!$B$2 -> 2026-03-20 | C11: ='2023 SP 79'!$C$2 -> 2026-04-01 | D11: 3328 | E11: 347 | F11: 5 | G11: 2 | I11: SUKO | J11: 22246491 | K11: S2OS13J2 | L11: KEMEJA OXFORD OVERSIZED STRIPED SHIRT L/S WOVEN TOP GARIS LENGAN PANJANG S2OS13J2:PASTEL PINK:M:STRI | M11: 249900 | N11: SP | O11: 199000 | P11: SPECIAL PRICE
A12: 2026 H1 Woven Top, Woven Bottom SP 199 | B12: ='2023 SP 79'!$B$2 -> 2026-03-20 | C12: ='2023 SP 79'!$C$2 -> 2026-04-01 | D12: 3328 | E12: 347 | F12: 5 | G12: 2 | I12: SUKO | J12: 22246508 | K12: S2OS13J2 | L12: KEMEJA OXFORD OVERSIZED STRIPED SHIRT L/S WOVEN TOP GARIS LENGAN PANJANG S2OS13J2:PASTEL PINK:L:STRI | M12: 249900 | N12: SP | O12: 199000 | P12: SPECIAL PRICE
A13: 2026 H1 Woven Top, Woven Bottom SP 199 | B13: ='2023 SP 79'!$B$2 -> 2026-03-20 | C13: ='2023 SP 79'!$C$2 -> 2026-04-01 | D13: 3328 | E13: 347 | F13: 5 | G13: 2 | I13: SUKO | J13: 22246660 | K13: S2OS13J2 | L13: KEMEJA OXFORD OVERSIZED STRIPED SHIRT L/S WOVEN TOP GARIS LENGAN PANJANG S2OS13J2:PASTEL PINK:XL:STR | M13: 249900 | N13: SP | O13: 199000 | P13: SPECIAL PRICE
... A41: 2026 H1 Woven Top, Woven Bottom SP 199 | B41: ='2023 SP 79'!$B$2 -> 2026-03-20 | C41: ='2023 SP 79'!$C$2 -> 2026-04-01 | D41: 3328 | E41: 347 | F41: 5 | G41: 5 | I41: SUKO | J41: 67947962 | K41: W3L1226A5 | L41: ROK BALON TEXTURE W3L1226A5:WHITE:XL:TEXTURE:ROK BALON TEXTURE | M41: 279900 | N41: SP | O41: 199000 | P41: SPECIAL PRICE

Sheet 2026 H1 NORMAL PRICE
A1: ACARA | B1: FROM DATE | C1: TO DATE | D1: DEPT | E1: WORLD | F1: DIVISION | G1: CLASS | H1: SUPPLIER | I1: BRAND | J1: SKU | K1: ARTICLE | L1: DESCRIPTION | M1: HARGA NORMAL | N1: DISKON | O1: HARGA PROMO | P1: DISCOUNT TYPE
A2: 2026 H1 Normal Price | B2: ='2023 SP 79'!$B$2 -> 2026-03-20 | C2: ='2023 SP 79'!$C$2 -> 2026-04-01 | D2: 3328 | E2: 347 | F2: 5 | G2: 3 | I2: SUKO | J2: 67948274 | K2: O1L1356A12 | L2: JAKET CARDIGAN SOUFFLE YARN STRIPE O1L1356A12:BLACK:S:STRIPES:JAKET CARDIGAN | M2: 249900 | N2: 0 | O2: NORMAL PRICE | P2: AMOUNT
A3: 2026 H1 Normal Price | B3: ='2023 SP 79'!$B$2 -> 2026-03-20 | C3: ='2023 SP 79'!$C$2 -> 2026-04-01 | D3: 3328 | E3: 347 | F3: 5 | G3: 3 | I3: SUKO | J3: 67948283 | K3: O1L1356A12 | L3: JAKET CARDIGAN SOUFFLE YARN STRIPE O1L1356A12:BLACK:M:STRIPES:JAKET CARDIGAN | M3: 249900 | N3: 0 | O3: NORMAL PRICE | P3: AMOUNT
A4: 2026 H1 Normal Price | B4: ='2023 SP 79'!$B$2 -> 2026-03-20 | C4: ='2023 SP 79'!$C$2 -> 2026-04-01 | D4: 3328 | E4: 347 | F4: 5 | G4: 3 | I4: SUKO | J4: 67948292 | K4: O1L1356A12 | L4: JAKET CARDIGAN SOUFFLE YARN STRIPE O1L1356A12:BLACK:L/XL:STRIPES:JAKET CARDIGAN | M4: 249900 | N4: 0 | O4: NORMAL PRICE | P4: AMOUNT
A5: 2026 H1 Normal Price | B5: ='2023 SP 79'!$B$2 -> 2026-03-20 | C5: ='2023 SP 79'!$C$2 -> 2026-04-01 | D5: 3328 | E5: 347 | F5: 5 | G5: 3 | I5: SUKO | J5: 67948247 | K5: O1L1356A12 | L5: JAKET CARDIGAN SOUFFLE YARN STRIPE O1L1356A12:DUSTY PINK:S:STRIPES:JAKET CARDIGAN | M5: 249900 | N5: 0 | O5: NORMAL PRICE | P5: AMOUNT
A6: 2026 H1 Normal Price | B6: ='2023 SP 79'!$B$2 -> 2026-03-20 | C6: ='2023 SP 79'!$C$2 -> 2026-04-01 | D6: 3328 | E6: 347 | F6: 5 | G6: 3 | I6: SUKO | J6: 67948256 | K6: O1L1356A12 | L6: JAKET CARDIGAN SOUFFLE YARN STRIPE O1L1356A12:DUSTY PINK:M:STRIPES:JAKET CARDIGAN | M6: 249900 | N6: 0 | O6: NORMAL PRICE | P6: AMOUNT
A7: 2026 H1 Normal Price | B7: ='2023 SP 79'!$B$2 -> 2026-03-20 | C7: ='2023 SP 79'!$C$2 -> 2026-04-01 | D7: 3328 | E7: 347 | F7: 5 | G7: 3 | I7: SUKO | J7: 67948265 | K7: O1L1356A12 | L7: JAKET CARDIGAN SOUFFLE YARN STRIPE O1L1356A12:DUSTY PINK:L/XL:STRIPES:JAKET CARDIGAN | M7: 249900 | N7: 0 | O7: NORMAL PRICE | P7: AMOUNT
A8: 2026 H1 Normal Price | B8: ='2023 SP 79'!$B$2 -> 2026-03-20 | C8: ='2023 SP 79'!$C$2 -> 2026-04-01 | D8: 3328 | E8: 347 | F8: 5 | G8: 3 | I8: SUKO | J8: 67948309 | K8: O1L1356A12 | L8: JAKET CARDIGAN SOUFFLE YARN STRIPE O1L1356A12:NAVY BLUE:S:STRIPES:JAKET CARDIGAN | M8: 249900 | N8: 0 | O8: NORMAL PRICE | P8: AMOUNT
A9: 2026 H1 Normal Price | B9: ='2023 SP 79'!$B$2 -> 2026-03-20 | C9: ='2023 SP 79'!$C$2 -> 2026-04-01 | D9: 3328 | E9: 347 | F9: 5 | G9: 3 | I9: SUKO | J9: 67948318 | K9: O1L1356A12 | L9: JAKET CARDIGAN SOUFFLE YARN STRIPE O1L1356A12:NAVY BLUE:M:STRIPES:JAKET CARDIGAN | M9: 249900 | N9: 0 | O9: NORMAL PRICE | P9: AMOUNT
A10: 2026 H1 Normal Price | B10: ='2023 SP 79'!$B$2 -> 2026-03-20 | C10: ='2023 SP 79'!$C$2 -> 2026-04-01 | D10: 3328 | E10: 347 | F10: 5 | G10: 3 | I10: SUKO | J10: 67948327 | K10: O1L1356A12 | L10: JAKET CARDIGAN SOUFFLE YARN STRIPE O1L1356A12:NAVY BLUE:L/XL:STRIPES:JAKET CARDIGAN | M10: 249900 | N10: 0 | O10: NORMAL PRICE | P10: AMOUNT
A11: 2026 H1 Normal Price | B11: ='2023 SP 79'!$B$2 -> 2026-03-20 | C11: ='2023 SP 79'!$C$2 -> 2026-04-01 | D11: 3328 | E11: 347 | F11: 5 | G11: 3 | I11: SUKO | J11: 67948210 | K11: O1L1356A12 | L11: JAKET CARDIGAN SOUFFLE YARN STRIPE O1L1356A12:OFF WHITE:S:STRIPES:JAKET CARDIGAN | M11: 249900 | N11: 0 | O11: NORMAL PRICE | P11: AMOUNT
A12: 2026 H1 Normal Price | B12: ='2023 SP 79'!$B$2 -> 2026-03-20 | C12: ='2023 SP 79'!$C$2 -> 2026-04-01 | D12: 3328 | E12: 347 | F12: 5 | G12: 3 | I12: SUKO | J12: 67948229 | K12: O1L1356A12 | L12: JAKET CARDIGAN SOUFFLE YARN STRIPE O1L1356A12:OFF WHITE:M:STRIPES:JAKET CARDIGAN | M12: 249900 | N12: 0 | O12: NORMAL PRICE | P12: AMOUNT
A13: 2026 H1 Normal Price | B13: ='2023 SP 79'!$B$2 -> 2026-03-20 | C13: ='2023 SP 79'!$C$2 -> 2026-04-01 | D13: 3328 | E13: 347 | F13: 5 | G13: 3 | I13: SUKO | J13: 67948238 | K13: O1L1356A12 | L13: JAKET CARDIGAN SOUFFLE YARN STRIPE O1L1356A12:OFF WHITE:L/XL:STRIPES:JAKET CARDIGAN | M13: 249900 | N13: 0 | O13: NORMAL PRICE | P13: AMOUNT
... A105: 2026 H1 Normal Price | B105: ='2023 SP 79'!$B$2 -> 2026-03-20 | C105: ='2023 SP 79'!$C$2 -> 2026-04-01 | D105: 3328 | E105: 347 | F105: 5 | G105: 8 | I105: SUKO | J105: 51717392 | K105: W2L645A3 | L105: CELANA PANJANG RELAX BAMBOO RILEKS W2L645A3:VANILLA:XL:SOLID:CELANA PANJANG RELAX | M105: 279900 | N105: 0 | O105: NORMAL PRICE | P105: AMOUNT
