Workbook

Sheet 2019 ALL D95
A1: ACARA | B1: FROM DATE | C1: TO DATE | D1: DEPT | E1: WORLD | F1: DIVISION | G1: CLASS | H1: SUPPLIER | I1: BRAND | J1: SKU | K1: ARTICLE | L1: DESCRIPTION | M1: HARGA NORMAL | N1: DISKON | O1: HARGA PROMO | P1: DISCOUNT TYPE
A2: 2019 ALL D95 | B2: 46114 | C2: 46120 | D2: 3280 | E2: 337 | F2: 4 | G2: 1 | I2: SWEET MISS | J2: 23254079 | K2: MERV100 | L2: DRESS SIFON BUNGA:PASTEL PINK:8 | M2: 199900 | N2: 0.95 | O2: =M2-((95*M2)/100) -> 9995 | P2: PERCENTAGE
A3: 2019 ALL D95 | B3: =B2 -> 46114 | C3: =C2 -> 46120 | D3: 3280 | E3: 337 | F3: 4 | G3: 1 | I3: SWEET MISS | J3: 23254097 | K3: MERV100 | L3: DRESS SIFON BUNGA:PASTEL PINK:12 | M3: 199900 | N3: 0.95 | O3: =M3-((95*M3)/100) -> 9995 | P3: PERCENTAGE
A4: 2019 ALL D95 | B4: =B3 -> 46114 | C4: =C3 -> 46120 | D4: 3280 | E4: 337 | F4: 4 | G4: 1 | I4: SWEET MISS | J4: 23254088 | K4: MERV100 | L4: DRESS SIFON BUNGA:PASTEL PINK:10 | M4: 199900 | N4: 0.95 | O4: =M4-((95*M4)/100) -> 9995 | P4: PERCENTAGE
A5: 2019 ALL D95 | B5: =B4 -> 46114 | C5: =C4 -> 46120 | D5: 3280 | E5: 337 | F5: 4 | G5: 1 | I5: SWEET MISS | J5: 19988222 | K5: HAPPYBOX | L5: GIRL INFANT HAPPY BOX 29900 MAR 2017:ASSORTIVE COLOR:F | M5: 29900 | N5: 0.95 | O5: =M5-((95*M5)/100) -> 1495 | P5: PERCENTAGE
A6: 2019 ALL D95 | B6: =B5 -> 46114 | C6: =C5 -> 46120 | D6: 3280 | E6: 337 | F6: 4 | G6: 1 | I6: SWEET MISS | J6: 23251321 | K6: EV66 | L6: D BORDIR + APLIKASI BUNGA:NAVY BLUE:8 | M6: 219900 | N6: 0.95 | O6: =M6-((95*M6)/100) -> 10995 | P6: PERCENTAGE
A7: 2019 ALL D95 | B7: =B6 -> 46114 | C7: =C6 -> 46120 | D7: 3280 | E7: 337 | F7: 4 | G7: 1 | I7: SWEET MISS | J7: 23251330 | K7: EV66 | L7: D BORDIR + APLIKASI BUNGA:NAVY BLUE:10 | M7: 219900 | N7: 0.95 | O7: =M7-((95*M7)/100) -> 10995 | P7: PERCENTAGE
A8: 2019 ALL D95 | B8: =B7 -> 46114 | C8: =C7 -> 46120 | D8: 3280 | E8: 337 | F8: 4 | G8: 1 | I8: SWEET MISS | J8: 23266397 | K8: AN90 | L8: D SNOW WHITE:CLASSIC BLUE:4 | M8: 239900 | N8: 0.95 | O8: =M8-((95*M8)/100) -> 11995 | P8: PERCENTAGE
A9: 2019 ALL D95 | B9: =B8 -> 46114 | C9: =C8 -> 46120 | D9: 3280 | E9: 337 | F9: 4 | G9: 1 | I9: SWEET MISS | J9: 23266404 | K9: AN90 | L9: D SNOW WHITE:CLASSIC BLUE:5 | M9: 239900 | N9: 0.95 | O9: =M9-((95*M9)/100) -> 11995 | P9: PERCENTAGE
A10: 2019 ALL D95 | B10: =B9 -> 46114 | C10: =C9 -> 46120 | D10: 3280 | E10: 337 | F10: 4 | G10: 1 | I10: SWEET MISS | J10: 23266413 | K10: AN90 | L10: D SNOW WHITE:CLASSIC BLUE:6 | M10: 239900 | N10: 0.95 | O10: =M10-((95*M10)/100) -> 11995 | P10: PERCENTAGE
A11: 2019 ALL D95 | B11: =B10 -> 46114 | C11: =C10 -> 46120 | D11: 3280 | E11: 337 | F11: 4 | G11: 1 | I11: SWEET MISS | J11: 23266422 | K11: AN90 | L11: D SNOW WHITE:CLASSIC BLUE:8 | M11: 239900 | N11: 0.95 | O11: =M11-((95*M11)/100) -> 11995 | P11: PERCENTAGE
A12: 2019 ALL D95 | B12: =B11 -> 46114 | C12: =C11 -> 46120 | D12: 3280 | E12: 337 | F12: 4 | G12: 1 | I12: SWEET MISS | J12: 23266431 | K12: AN90 | L12: D SNOW WHITE:CLASSIC BLUE:10 | M12: 239900 | N12: 0.95 | O12: =M12-((95*M12)/100) -> 11995 | P12: PERCENTAGE
A13: 2019 ALL D95 | B13: =B12 -> 46114 | C13: =C12 -> 46120 | D13: 3280 | E13: 337 | F13: 4 | G13: 1 | I13: SWEET MISS | J13: 23266440 | K13: AN90 | L13: D SNOW WHITE:CLASSIC BLUE:12 | M13: 239900 | N13: 0.95 | O13: =M13-((95*M13)/100) -> 11995 | P13: PERCENTAGE
A14: 2019 ALL D95 | B14: =B13 -> 46114 | C14: =C13 -> 46120 | D14: 3280 | E14: 337 | F14: 4 | G14: 1 | I14: SWEET MISS | J14: 23266708 | K14: AN105 | L14: D BELLE:CLASSIC YELLOW:5 | M14: 239900 | N14: 0.95 | O14: =M14-((95*M14)/100) -> 11995 | P14: PERCENTAGE
... A1273: 2019 ALL D95 | B1273: =B1272 -> 46114 | C1273: =C1272 -> 46120 | D1273: 3280 | E1273: 337 | F1273: 4 | G1273: 1 | I1273: SWEET MISS | J1273: 24036660 | K1273: MERV103 | L1273: D SIFON HALTER NECK:PASTEL PINK:4 | M1273: 189900 | N1273: 0.95 | O1273: =M1273-((95*M1273)/100) -> 9495 | P1273: PERCENTAGE

Sheet 2020-2021 ALL D90
A1: ACARA | B1: FROM DATE | C1: TO DATE | D1: DEPT | E1: WORLD | F1: DIVISION | G1: CLASS | H1: SUPPLIER | I1: BRAND | J1: SKU | K1: ARTICLE | L1: DESCRIPTION | M1: HARGA NORMAL | N1: DISKON | O1: HARGA PROMO | P1: DISCOUNT TYPE
A2: 2020-2021 ALL D90 | B2: ='2019 ALL D95'!B2 -> 46114 | C2: ='2019 ALL D95'!C2 -> 46120 | D2: 3280 | E2: 337 | F2: 4 | G2: 1 | I2: SWEET MISS | J2: 26502956 | K2: MTH004 | L2: D SL UNICORN ROK TILE:OFF WHITE:4 | M2: 239900 | N2: 0.9 | O2: =M2-((90*M2)/100) -> 23990 | P2: PERCENTAGE
A3: =A2 -> 2020-2021 ALL D90 | B3: =B2 -> 46114 | C3: =C2 -> 46120 | D3: 3280 | E3: 337 | F3: 4 | G3: 1 | I3: SWEET MISS | J3: 26502965 | K3: MTH004 | L3: D SL UNICORN ROK TILE:OFF WHITE:5 | M3: 239900 | N3: 0.9 | O3: =M3-((90*M3)/100) -> 23990 | P3: PERCENTAGE
A4: =A3 -> 2020-2021 ALL D90 | B4: =B3 -> 46114 | C4: =C3 -> 46120 | D4: 3280 | E4: 337 | F4: 4 | G4: 1 | I4: SWEET MISS | J4: 26502974 | K4: MTH004 | L4: D SL UNICORN ROK TILE:OFF WHITE:6 | M4: 239900 | N4: 0.9 | O4: =M4-((90*M4)/100) -> 23990 | P4: PERCENTAGE
A5: =A4 -> 2020-2021 ALL D90 | B5: =B4 -> 46114 | C5: =C4 -> 46120 | D5: 3280 | E5: 337 | F5: 4 | G5: 1 | I5: SWEET MISS | J5: 26502983 | K5: MTH004 | L5: D SL UNICORN ROK TILE:OFF WHITE:8 | M5: 249900 | N5: 0.9 | O5: =M5-((90*M5)/100) -> 24990 | P5: PERCENTAGE
A6: =A5 -> 2020-2021 ALL D90 | B6: =B5 -> 46114 | C6: =C5 -> 46120 | D6: 3280 | E6: 337 | F6: 4 | G6: 1 | I6: SWEET MISS | J6: 26502992 | K6: MTH004 | L6: D SL UNICORN ROK TILE:OFF WHITE:10 | M6: 249900 | N6: 0.9 | O6: =M6-((90*M6)/100) -> 24990 | P6: PERCENTAGE
A7: =A6 -> 2020-2021 ALL D90 | B7: =B6 -> 46114 | C7: =C6 -> 46120 | D7: 3280 | E7: 337 | F7: 4 | G7: 1 | I7: SWEET MISS | J7: 26503008 | K7: MTH004 | L7: D SL UNICORN ROK TILE:OFF WHITE:12 | M7: 249900 | N7: 0.9 | O7: =M7-((90*M7)/100) -> 24990 | P7: PERCENTAGE
A8: =A7 -> 2020-2021 ALL D90 | B8: =B7 -> 46114 | C8: =C7 -> 46120 | D8: 3280 | E8: 337 | F8: 4 | G8: 1 | I8: SWEET MISS | J8: 26458497 | K8: AN177B | L8: D SL TILE SATEN BGA DADA:PASTEL PINK:4 | M8: 239900 | N8: 0.9 | O8: =M8-((90*M8)/100) -> 23990 | P8: PERCENTAGE
A9: =A8 -> 2020-2021 ALL D90 | B9: =B8 -> 46114 | C9: =C8 -> 46120 | D9: 3280 | E9: 337 | F9: 4 | G9: 1 | I9: SWEET MISS | J9: 26458504 | K9: AN177B | L9: D SL TILE SATEN BGA DADA:PASTEL PINK:5 | M9: 239900 | N9: 0.9 | O9: =M9-((90*M9)/100) -> 23990 | P9: PERCENTAGE
A10: =A9 -> 2020-2021 ALL D90 | B10: =B9 -> 46114 | C10: =C9 -> 46120 | D10: 3280 | E10: 337 | F10: 4 | G10: 1 | I10: SWEET MISS | J10: 26458513 | K10: AN177B | L10: D SL TILE SATEN BGA DADA:PASTEL PINK:6 | M10: 239900 | N10: 0.9 | O10: =M10-((90*M10)/100) -> 23990 | P10: PERCENTAGE
A11: =A10 -> 2020-2021 ALL D90 | B11: =B10 -> 46114 | C11: =C10 -> 46120 | D11: 3280 | E11: 337 | F11: 4 | G11: 1 | I11: SWEET MISS | J11: 26458522 | K11: AN177B | L11: D SL TILE SATEN BGA DADA:PASTEL PINK:8 | M11: 249900 | N11: 0.9 | O11: =M11-((90*M11)/100) -> 24990 | P11: PERCENTAGE
A12: =A11 -> 2020-2021 ALL D90 | B12: =B11 -> 46114 | C12: =C11 -> 46120 | D12: 3280 | E12: 337 | F12: 4 | G12: 1 | I12: SWEET MISS | J12: 26458531 | K12: AN177B | L12: D SL TILE SATEN BGA DADA:PASTEL PINK:10 | M12: 249900 | N12: 0.9 | O12: =M12-((90*M12)/100) -> 24990 | P12: PERCENTAGE
A13: =A12 -> 2020-2021 ALL D90 | B13: =B12 -> 46114 | C13: =C12 -> 46120 | D13: 3280 | E13: 337 | F13: 4 | G13: 1 | I13: SWEET MISS | J13: 26458540 | K13: AN177B | L13: D SL TILE SATEN BGA DADA:PASTEL PINK:12 | M13: 249900 | N13: 0.9 | O13: =M13-((90*M13)/100) -> 24990 | P13: PERCENTAGE
A14: =A13 -> 2020-2021 ALL D90 | B14: =B13 -> 46114 | C14: =C13 -> 46120 | D14: 3280 | E14: 337 | F14: 4 | G14: 1 | I14: SWEET MISS | J14: 26500289 | K14: EV89 | L14: D SS TGN BODIR BGA:NAVY BLUE:4 | M14: 229900 | N14: 0.9 | O14: =M14-((90*M14)/100) -> 22990 | P14: PERCENTAGE
... A454: =A453 -> 2020-2021 ALL D90 | B454: =B453 -> 46114 | C454: =C453 -> 46120 | D454: 3280 | E454: 337 | F454: 4 | G454: 1 | I454: SWEET MISS | J454: 38095517 | K454: AG3033Q4 | L454: SS MIDI DRESS SL SEQUIN DADA BAWAH ZIGZAG AG3033Q4:CORAL:12:GRAPHIC:SS MIDI DRESS | M454: 279900 | N454: 0.9 | O454: =M454-((90*M454)/100) -> 27990 | P454: PERCENTAGE

Sheet 2022 ALL D90
A1: ACARA | B1: FROM DATE | C1: TO DATE | D1: DEPT | E1: WORLD | F1: DIVISION | G1: CLASS | H1: SUPPLIER | I1: BRAND | J1: SKU | K1: ARTICLE | L1: DESCRIPTION | M1: HARGA NORMAL | N1: DISKON | O1: HARGA PROMO | P1: DISCOUNT TYPE
A2: 2022 ALL D90 | B2: ='2019 ALL D95'!B2 -> 46114 | C2: ='2019 ALL D95'!C2 -> 46120 | D2: 3280 | E2: 337 | F2: 4 | G2: 1 | I2: SWEET MISS | J2: 57634916 | K2: AG2953Q1 | L2: SS MIDI DRESS SL FLIP SEQUIN UNICORN WITH TILE AG2953Q1:PASTEL PIN:4:GRAPHIC:SS MIDI DR | M2: 239900 | N2: 0.9 | O2: =M2-((90*M2)/100) -> 23990 | P2: PERCENTAGE
A3: =A2 -> 2022 ALL D90 | B3: =B2 -> 46114 | C3: =C2 -> 46120 | D3: 3280 | E3: 337 | F3: 4 | G3: 1 | I3: SWEET MISS | J3: 57634925 | K3: AG2953Q1 | L3: SS MIDI DRESS SL FLIP SEQUIN UNICORN WITH TILE AG2953Q1:PASTEL PIN:5:GRAPHIC:SS MIDI DR | M3: 239900 | N3: =N2 -> 0.9 | O3: =M3-((90*M3)/100) -> 23990 | P3: PERCENTAGE
A4: =A3 -> 2022 ALL D90 | B4: =B3 -> 46114 | C4: =C3 -> 46120 | D4: 3280 | E4: 337 | F4: 4 | G4: 1 | I4: SWEET MISS | J4: 57634934 | K4: AG2953Q1 | L4: SS MIDI DRESS SL FLIP SEQUIN UNICORN WITH TILE AG2953Q1:PASTEL PIN:6:GRAPHIC:SS MIDI DR | M4: 239900 | N4: =N3 -> 0.9 | O4: =M4-((90*M4)/100) -> 23990 | P4: PERCENTAGE
A5: =A4 -> 2022 ALL D90 | B5: =B4 -> 46114 | C5: =C4 -> 46120 | D5: 3280 | E5: 337 | F5: 4 | G5: 1 | I5: SWEET MISS | J5: 57634943 | K5: AG2953Q1 | L5: SS MIDI DRESS SL FLIP SEQUIN UNICORN WITH TILE AG2953Q1:PASTEL PIN:8:GRAPHIC:SS MIDI DR | M5: 249900 | N5: =N4 -> 0.9 | O5: =M5-((90*M5)/100) -> 24990 | P5: PERCENTAGE
A6: =A5 -> 2022 ALL D90 | B6: =B5 -> 46114 | C6: =C5 -> 46120 | D6: 3280 | E6: 337 | F6: 4 | G6: 1 | I6: SWEET MISS | J6: 57634952 | K6: AG2953Q1 | L6: SS MIDI DRESS SL FLIP SEQUIN UNICORN WITH TILE AG2953Q1:PASTEL PIN:10:GRAPHIC:SS MIDI DR | M6: 249900 | N6: =N5 -> 0.9 | O6: =M6-((90*M6)/100) -> 24990 | P6: PERCENTAGE
A7: =A6 -> 2022 ALL D90 | B7: =B6 -> 46114 | C7: =C6 -> 46120 | D7: 3280 | E7: 337 | F7: 4 | G7: 1 | I7: SWEET MISS | J7: 57634961 | K7: AG2953Q1 | L7: SS MIDI DRESS SL FLIP SEQUIN UNICORN WITH TILE AG2953Q1:PASTEL PIN:12:GRAPHIC:SS MIDI DR | M7: 249900 | N7: =N6 -> 0.9 | O7: =M7-((90*M7)/100) -> 24990 | P7: PERCENTAGE
A8: =A7 -> 2022 ALL D90 | B8: =B7 -> 46114 | C8: =C7 -> 46120 | D8: 3280 | E8: 337 | F8: 4 | G8: 1 | I8: SWEET MISS | J8: 57635095 | K8: AN178 | L8: SS MIDI DRESS SL BROKAT BAWAH TILE HILO AN178:NAVY BLUE:4:PRINT:SS MIDI DRES | M8: 239900 | N8: =N7 -> 0.9 | O8: =M8-((90*M8)/100) -> 23990 | P8: PERCENTAGE
A9: =A8 -> 2022 ALL D90 | B9: =B8 -> 46114 | C9: =C8 -> 46120 | D9: 3280 | E9: 337 | F9: 4 | G9: 1 | I9: SWEET MISS | J9: 57635102 | K9: AN178 | L9: SS MIDI DRESS SL BROKAT BAWAH TILE HILO AN178:NAVY BLUE:5:PRINT:SS MIDI DRES | M9: 239900 | N9: =N8 -> 0.9 | O9: =M9-((90*M9)/100) -> 23990 | P9: PERCENTAGE
A10: =A9 -> 2022 ALL D90 | B10: =B9 -> 46114 | C10: =C9 -> 46120 | D10: 3280 | E10: 337 | F10: 4 | G10: 1 | I10: SWEET MISS | J10: 57635111 | K10: AN178 | L10: SS MIDI DRESS SL BROKAT BAWAH TILE HILO AN178:NAVY BLUE:6:PRINT:SS MIDI DRES | M10: 239900 | N10: =N9 -> 0.9 | O10: =M10-((90*M10)/100) -> 23990 | P10: PERCENTAGE
A11: =A10 -> 2022 ALL D90 | B11: =B10 -> 46114 | C11: =C10 -> 46120 | D11: 3280 | E11: 337 | F11: 4 | G11: 1 | I11: SWEET MISS | J11: 57635120 | K11: AN178 | L11: SS MIDI DRESS SL BROKAT BAWAH TILE HILO AN178:NAVY BLUE:8:PRINT:SS MIDI DRES | M11: 249900 | N11: =N10 -> 0.9 | O11: =M11-((90*M11)/100) -> 24990 | P11: PERCENTAGE
A12: =A11 -> 2022 ALL D90 | B12: =B11 -> 46114 | C12: =C11 -> 46120 | D12: 3280 | E12: 337 | F12: 4 | G12: 1 | I12: SWEET MISS | J12: 57635139 | K12: AN178 | L12: SS MIDI DRESS SL BROKAT BAWAH TILE HILO AN178:NAVY BLUE:10:PRINT:SS MIDI DRES | M12: 249900 | N12: =N11 -> 0.9 | O12: =M12-((90*M12)/100) -> 24990 | P12: PERCENTAGE
A13: =A12 -> 2022 ALL D90 | B13: =B12 -> 46114 | C13: =C12 -> 46120 | D13: 3280 | E13: 337 | F13: 4 | G13: 1 | I13: SWEET MISS | J13: 57635148 | K13: AN178 | L13: SS MIDI DRESS SL BROKAT BAWAH TILE HILO AN178:NAVY BLUE:12:PRINT:SS MIDI DRES | M13: 249900 | N13: =N12 -> 0.9 | O13: =M13-((90*M13)/100) -> 24990 | P13: PERCENTAGE
A14: =A13 -> 2022 ALL D90 | B14: =B13 -> 46114 | C14: =C13 -> 46120 | D14: 3280 | E14: 337 | F14: 4 | G14: 1 | I14: SWEET MISS | J14: 38095526 | K14: AG3044Q1 | L14: SS MIDI DRESS PAYET PUNDAK PUNGGUNG BAWAH GEBER AG3044Q1:PASTEL BLU:4:SOLID:SS MIDI DR | M14: 249900 | N14: =N13 -> 0.9 | O14: =M14-((90*M14)/100) -> 24990 | P14: PERCENTAGE
... A626: =A625 -> 2022 ALL D90 | B626: =B625 -> 46114 | C626: =C625 -> 46120 | D626: 3280 | E626: 337 | F626: 4 | G626: 3 | I626: SWEET MISS | J626: 76015719 | K626: AN204XMAS | L626: SS MIDI DRESS TOP KNIT SKIRT PRINT SATIN CHECKS AN204XMAS:CLASSIC R:12:CHECKS:SS MIDI D | M626: 249900 | N626: =N625 -> 0.9 | O626: =M626-((90*M626)/100) -> 24990 | P626: PERCENTAGE

Sheet 2023 ALL D90
A1: ACARA | B1: FROM DATE | C1: TO DATE | D1: DEPT | E1: WORLD | F1: DIVISION | G1: CLASS | H1: SUPPLIER | I1: BRAND | J1: SKU | K1: ARTICLE | L1: DESCRIPTION | M1: HARGA NORMAL | N1: DISKON | O1: HARGA PROMO | P1: DISCOUNT TYPE
A2: 2023 ALL D90 | B2: ='2019 ALL D95'!B2 -> 46114 | C2: ='2019 ALL D95'!C2 -> 46120 | D2: 3280 | E2: 337 | F2: 4 | G2: 1 | H2: 81698 | I2: SWEET MISS | J2: 76460489 | K2: AG3252 | L2: SS MIDI DRESS BORDIR PITA LEHER KERUT PINGGANG BUNGA AG3252:DUSTY PINK:4:FLORAL:SS MIDI DRESS | M2: 259900 | N2: 0.9 | O2: =M2-((90*M2)/100) -> 25990 | P2: PERCENTAGE
A3: =A2 -> 2023 ALL D90 | B3: =B2 -> 46114 | C3: =C2 -> 46120 | D3: 3280 | E3: 337 | F3: 4 | G3: 1 | H3: 81698 | I3: SWEET MISS | J3: 76460498 | K3: AG3252 | L3: SS MIDI DRESS BORDIR PITA LEHER KERUT PINGGANG BUNGA AG3252:DUSTY PINK:5:FLORAL:SS MIDI DRESS | M3: 259900 | N3: =N2 -> 0.9 | O3: =M3-((90*M3)/100) -> 25990 | P3: =P2 -> PERCENTAGE
A4: =A3 -> 2023 ALL D90 | B4: =B3 -> 46114 | C4: =C3 -> 46120 | D4: 3280 | E4: 337 | F4: 4 | G4: 1 | H4: 81698 | I4: SWEET MISS | J4: 76460505 | K4: AG3252 | L4: SS MIDI DRESS BORDIR PITA LEHER KERUT PINGGANG BUNGA AG3252:DUSTY PINK:6:FLORAL:SS MIDI DRESS | M4: 259900 | N4: =N3 -> 0.9 | O4: =M4-((90*M4)/100) -> 25990 | P4: =P3 -> PERCENTAGE
A5: =A4 -> 2023 ALL D90 | B5: =B4 -> 46114 | C5: =C4 -> 46120 | D5: 3280 | E5: 337 | F5: 4 | G5: 1 | H5: 81698 | I5: SWEET MISS | J5: 76460514 | K5: AG3252 | L5: SS MIDI DRESS BORDIR PITA LEHER KERUT PINGGANG BUNGA AG3252:DUSTY PINK:8:FLORAL:SS MIDI DRESS | M5: 269900 | N5: =N4 -> 0.9 | O5: =M5-((90*M5)/100) -> 26990 | P5: =P4 -> PERCENTAGE
A6: =A5 -> 2023 ALL D90 | B6: =B5 -> 46114 | C6: =C5 -> 46120 | D6: 3280 | E6: 337 | F6: 4 | G6: 1 | H6: 81698 | I6: SWEET MISS | J6: 76460523 | K6: AG3252 | L6: SS MIDI DRESS BORDIR PITA LEHER KERUT PINGGANG BUNGA AG3252:DUSTY PINK:10:FLORAL:SS MIDI DRESS | M6: 269900 | N6: =N5 -> 0.9 | O6: =M6-((90*M6)/100) -> 26990 | P6: =P5 -> PERCENTAGE
A7: =A6 -> 2023 ALL D90 | B7: =B6 -> 46114 | C7: =C6 -> 46120 | D7: 3280 | E7: 337 | F7: 4 | G7: 1 | H7: 81698 | I7: SWEET MISS | J7: 76460532 | K7: AG3252 | L7: SS MIDI DRESS BORDIR PITA LEHER KERUT PINGGANG BUNGA AG3252:DUSTY PINK:12:FLORAL:SS MIDI DRESS | M7: 269900 | N7: =N6 -> 0.9 | O7: =M7-((90*M7)/100) -> 26990 | P7: =P6 -> PERCENTAGE
A8: =A7 -> 2023 ALL D90 | B8: =B7 -> 46114 | C8: =C7 -> 46120 | D8: 3280 | E8: 337 | F8: 4 | G8: 1 | H8: 81698 | I8: SWEET MISS | J8: 78904960 | K8: AG3235 | L8: SL MIDI DRESS TILE WITH MOTE LEHER AG3235:NAVY BLUE:4:SOLID:SS MIDI DRESS | M8: 249900 | N8: =N7 -> 0.9 | O8: =M8-((90*M8)/100) -> 24990 | P8: =P7 -> PERCENTAGE
A9: =A8 -> 2023 ALL D90 | B9: =B8 -> 46114 | C9: =C8 -> 46120 | D9: 3280 | E9: 337 | F9: 4 | G9: 1 | H9: 81698 | I9: SWEET MISS | J9: 78904979 | K9: AG3235 | L9: SL MIDI DRESS TILE WITH MOTE LEHER AG3235:NAVY BLUE:5:SOLID:SS MIDI DRESS | M9: 249900 | N9: =N8 -> 0.9 | O9: =M9-((90*M9)/100) -> 24990 | P9: =P8 -> PERCENTAGE
A10: =A9 -> 2023 ALL D90 | B10: =B9 -> 46114 | C10: =C9 -> 46120 | D10: 3280 | E10: 337 | F10: 4 | G10: 1 | H10: 81698 | I10: SWEET MISS | J10: 78904988 | K10: AG3235 | L10: SL MIDI DRESS TILE WITH MOTE LEHER AG3235:NAVY BLUE:6:SOLID:SS MIDI DRESS | M10: 249900 | N10: =N9 -> 0.9 | O10: =M10-((90*M10)/100) -> 24990 | P10: =P9 -> PERCENTAGE
A11: =A10 -> 2023 ALL D90 | B11: =B10 -> 46114 | C11: =C10 -> 46120 | D11: 3280 | E11: 337 | F11: 4 | G11: 1 | H11: 81698 | I11: SWEET MISS | J11: 78904997 | K11: AG3235 | L11: SL MIDI DRESS TILE WITH MOTE LEHER AG3235:NAVY BLUE:8:SOLID:SS MIDI DRESS | M11: 259900 | N11: =N10 -> 0.9 | O11: =M11-((90*M11)/100) -> 25990 | P11: =P10 -> PERCENTAGE
A12: =A11 -> 2023 ALL D90 | B12: =B11 -> 46114 | C12: =C11 -> 46120 | D12: 3280 | E12: 337 | F12: 4 | G12: 1 | H12: 81698 | I12: SWEET MISS | J12: 78905003 | K12: AG3235 | L12: SL MIDI DRESS TILE WITH MOTE LEHER AG3235:NAVY BLUE:10:SOLID:SS MIDI DRESS | M12: 259900 | N12: =N11 -> 0.9 | O12: =M12-((90*M12)/100) -> 25990 | P12: =P11 -> PERCENTAGE
A13: =A12 -> 2023 ALL D90 | B13: =B12 -> 46114 | C13: =C12 -> 46120 | D13: 3280 | E13: 337 | F13: 4 | G13: 1 | H13: 81698 | I13: SWEET MISS | J13: 78905012 | K13: AG3235 | L13: SL MIDI DRESS TILE WITH MOTE LEHER AG3235:NAVY BLUE:12:SOLID:SS MIDI DRESS | M13: 259900 | N13: 0.9 | O13: =M13-((90*M13)/100) -> 25990 | P13: =P12 -> PERCENTAGE
A14: =A13 -> 2023 ALL D90 | B14: =B13 -> 46114 | C14: =C13 -> 46120 | D14: 3280 | E14: 337 | F14: 4 | G14: 1 | H14: 81698 | I14: SWEET MISS | J14: 78905021 | K14: AG3295 | L14: SL MIDI DRESS WITH ACCESSORIES CROWN AG3295:VANILLA:4:SOLID:SS MIDI DRESS | M14: 249900 | N14: =N13 -> 0.9 | O14: =M14-((90*M14)/100) -> 24990 | P14: =P13 -> PERCENTAGE
A15: =A14 -> 2023 ALL D90 | B15: =B14 -> 46114 | C15: =C14 -> 46120 | D15: 3280 | E15: 337 | F15: 4 | G15: 1 | H15: 81698 | I15: SWEET MISS | J15: 78905030 | K15: AG3295 | L15: SL MIDI DRESS WITH ACCESSORIES CROWN AG3295:VANILLA:5:SOLID:SS MIDI DRESS | M15: 249900 | N15: =N14 -> 0.9 | O15: =M15-((90*M15)/100) -> 24990 | P15: =P14 -> PERCENTAGE
A16: =A15 -> 2023 ALL D90 | B16: =B15 -> 46114 | C16: =C15 -> 46120 | D16: 3280 | E16: 337 | F16: 4 | G16: 1 | H16: 81698 | I16: SWEET MISS | J16: 78905049 | K16: AG3295 | L16: SL MIDI DRESS WITH ACCESSORIES CROWN AG3295:VANILLA:6:SOLID:SS MIDI DRESS | M16: 249900 | N16: =N15 -> 0.9 | O16: =M16-((90*M16)/100) -> 24990 | P16: =P15 -> PERCENTAGE
A17: =A16 -> 2023 ALL D90 | B17: =B16 -> 46114 | C17: =C16 -> 46120 | D17: 3280 | E17: 337 | F17: 4 | G17: 1 | H17: 81698 | I17: SWEET MISS | J17: 78905058 | K17: AG3295 | L17: SL MIDI DRESS WITH ACCESSORIES CROWN AG3295:VANILLA:8:SOLID:SS MIDI DRESS | M17: 259900 | N17: =N16 -> 0.9 | O17: =M17-((90*M17)/100) -> 25990 | P17: =P16 -> PERCENTAGE
A18: =A17 -> 2023 ALL D90 | B18: =B17 -> 46114 | C18: =C17 -> 46120 | D18: 3280 | E18: 337 | F18: 4 | G18: 1 | H18: 81698 | I18: SWEET MISS | J18: 78905067 | K18: AG3295 | L18: SL MIDI DRESS WITH ACCESSORIES CROWN AG3295:VANILLA:10:SOLID:SS MIDI DRESS | M18: 259900 | N18: =N17 -> 0.9 | O18: =M18-((90*M18)/100) -> 25990 | P18: =P17 -> PERCENTAGE
A19: =A18 -> 2023 ALL D90 | B19: =B18 -> 46114 | C19: =C18 -> 46120 | D19: 3280 | E19: 337 | F19: 4 | G19: 1 | H19: 81698 | I19: SWEET MISS | J19: 78905076 | K19: AG3295 | L19: SL MIDI DRESS WITH ACCESSORIES CROWN AG3295:VANILLA:12:SOLID:SS MIDI DRESS | M19: 259900 | N19: =N18 -> 0.9 | O19: =M19-((90*M19)/100) -> 25990 | P19: =P18 -> PERCENTAGE
A20: =A19 -> 2023 ALL D90 | B20: =B19 -> 46114 | C20: =C19 -> 46120 | D20: 3280 | E20: 337 | F20: 4 | G20: 1 | H20: 81698 | I20: SWEET MISS | J20: 78905852 | K20: AG3435 | L20: SS MIDI DRESS UNICORN PINGGANG PAYET TILE RAINBOW AG3435:PASTEL PURPLE:4:OMBRE:SS MIDI DRESS | M20: 259900 | N20: =N19 -> 0.9 | O20: =M20-((90*M20)/100) -> 25990 | P20: =P19 -> PERCENTAGE
A21: =A20 -> 2023 ALL D90 | B21: =B20 -> 46114 | C21: =C20 -> 46120 | D21: 3280 | E21: 337 | F21: 4 | G21: 1 | H21: 81698 | I21: SWEET MISS | J21: 78905861 | K21: AG3435 | L21: SS MIDI DRESS UNICORN PINGGANG PAYET TILE RAINBOW AG3435:PASTEL PURPLE:5:OMBRE:SS MIDI DRESS | M21: 259900 | N21: =N20 -> 0.9 | O21: =M21-((90*M21)/100) -> 25990 | P21: =P20 -> PERCENTAGE
A22: =A21 -> 2023 ALL D90 | B22: =B21 -> 46114 | C22: =C21 -> 46120 | D22: 3280 | E22: 337 | F22: 4 | G22: 1 | H22: 81698 | I22: SWEET MISS | J22: 78905870 | K22: AG3435 | L22: SS MIDI DRESS UNICORN PINGGANG PAYET TILE RAINBOW AG3435:PASTEL PURPLE:6:OMBRE:SS MIDI DRESS | M22: 259900 | N22: =N21 -> 0.9 | O22: =M22-((90*M22)/100) -> 25990 | P22: =P21 -> PERCENTAGE
A23: =A22 -> 2023 ALL D90 | B23: =B22 -> 46114 | C23: =C22 -> 46120 | D23: 3280 | E23: 337 | F23: 4 | G23: 1 | H23: 81698 | I23: SWEET MISS | J23: 78905889 | K23: AG3435 | L23: SS MIDI DRESS UNICORN PINGGANG PAYET TILE RAINBOW AG3435:PASTEL PURPLE:8:OMBRE:SS MIDI DRESS | M23: 269900 | N23: =N22 -> 0.9 | O23: =M23-((90*M23)/100) -> 26990 | P23: =P22 -> PERCENTAGE
A24: =A23 -> 2023 ALL D90 | B24: =B23 -> 46114 | C24: =C23 -> 46120 | D24: 3280 | E24: 337 | F24: 4 | G24: 1 | H24: 81698 | I24: SWEET MISS | J24: 78905898 | K24: AG3435 | L24: SS MIDI DRESS UNICORN PINGGANG PAYET TILE RAINBOW AG3435:PASTEL PURPLE:10:OMBRE:SS MIDI DRESS | M24: 269900 | N24: =N23 -> 0.9 | O24: =M24-((90*M24)/100) -> 26990 | P24: =P23 -> PERCENTAGE
A25: =A24 -> 2023 ALL D90 | B25: =B24 -> 46114 | C25: =C24 -> 46120 | D25: 3280 | E25: 337 | F25: 4 | G25: 1 | H25: 81698 | I25: SWEET MISS | J25: 78905905 | K25: AG3435 | L25: SS MIDI DRESS UNICORN PINGGANG PAYET TILE RAINBOW AG3435:PASTEL PURPLE:12:OMBRE:SS MIDI DRESS | M25: 269900 | N25: =N24 -> 0.9 | O25: =M25-((90*M25)/100) -> 26990 | P25: =P24 -> PERCENTAGE
... A701: =A700 -> 2023 ALL D90 | B701: =B700 -> 46114 | C701: =C700 -> 46120 | D701: 3280 | E701: 337 | F701: 4 | G701: 2 | H701: 80942 | I701: SWEET MISS | J701: 14840667 | K701: JMCNY24 | L701: SS MIDI DRESS CNY FP BUNGA KERAH QIPAO KERUT TANGAN JMCNY24:CLASSIC RED:12:PRINT:SS MIDI DRESS | M701: 249900 | N701: =N700 -> 0.9 | O701: =M701-((90*M701)/100) -> 24990 | P701: =P700 -> PERCENTAGE

Sheet 2024 JAN-JUN D75
A1: ACARA | B1: FROM DATE | C1: TO DATE | D1: DEPT | E1: WORLD | F1: DIVISION | G1: CLASS | H1: SUPPLIER | I1: BRAND | J1: SKU | K1: ARTICLE | L1: DESCRIPTION | M1: HARGA NORMAL | N1: DISKON | O1: HARGA PROMO | P1: DISCOUNT TYPE
A2: 2024 JAN-JUN D75 | B2: ='2019 ALL D95'!B2 -> 46114 | C2: ='2019 ALL D95'!C2 -> 46120 | D2: 3280 | E2: 337 | F2: 4 | G2: 2 | H2: 81698 | I2: SWEET MISS | J2: 15394460 | K2: AGK3919 | L2: SS MIDI DRESS FP KORAL KRAH GEBER LEHER PITA WITH MATCHING BAG AGK3919:OFF WHITE:4:SOLID:SS MIDI DRE | M2: 239900 | N2: 0.75 | O2: =M2-((75*M2)/100) -> 59975 | P2: PERCENTAGE
A3: =A2 -> 2024 JAN-JUN D75 | B3: =B2 -> 46114 | C3: =C2 -> 46120 | D3: 3280 | E3: 337 | F3: 4 | G3: 2 | H3: 81698 | I3: SWEET MISS | J3: 15394479 | K3: AGK3919 | L3: SS MIDI DRESS FP KORAL KRAH GEBER LEHER PITA WITH MATCHING BAG AGK3919:OFF WHITE:5:SOLID:SS MIDI DRE | M3: 239900 | N3: =N2 -> 0.75 | O3: =M3-((75*M3)/100) -> 59975 | P3: =P2 -> PERCENTAGE
A4: =A3 -> 2024 JAN-JUN D75 | B4: =B3 -> 46114 | C4: =C3 -> 46120 | D4: 3280 | E4: 337 | F4: 4 | G4: 2 | H4: 81698 | I4: SWEET MISS | J4: 15394488 | K4: AGK3919 | L4: SS MIDI DRESS FP KORAL KRAH GEBER LEHER PITA WITH MATCHING BAG AGK3919:OFF WHITE:6:SOLID:SS MIDI DRE | M4: 239900 | N4: =N3 -> 0.75 | O4: =M4-((75*M4)/100) -> 59975 | P4: =P3 -> PERCENTAGE
A5: =A4 -> 2024 JAN-JUN D75 | B5: =B4 -> 46114 | C5: =C4 -> 46120 | D5: 3280 | E5: 337 | F5: 4 | G5: 2 | H5: 81698 | I5: SWEET MISS | J5: 15394497 | K5: AGK3919 | L5: SS MIDI DRESS FP KORAL KRAH GEBER LEHER PITA WITH MATCHING BAG AGK3919:OFF WHITE:8:SOLID:SS MIDI DRE | M5: 249900 | N5: =N4 -> 0.75 | O5: =M5-((75*M5)/100) -> 62475 | P5: =P4 -> PERCENTAGE
A6: =A5 -> 2024 JAN-JUN D75 | B6: =B5 -> 46114 | C6: =C5 -> 46120 | D6: 3280 | E6: 337 | F6: 4 | G6: 2 | H6: 81698 | I6: SWEET MISS | J6: 15394540 | K6: AGK3919 | L6: SS MIDI DRESS FP KORAL KRAH GEBER LEHER PITA WITH MATCHING BAG AGK3919:OFF WHITE:10:SOLID:SS MIDI DR | M6: 249900 | N6: =N5 -> 0.75 | O6: =M6-((75*M6)/100) -> 62475 | P6: =P5 -> PERCENTAGE
A7: =A6 -> 2024 JAN-JUN D75 | B7: =B6 -> 46114 | C7: =C6 -> 46120 | D7: 3280 | E7: 337 | F7: 4 | G7: 2 | H7: 81698 | I7: SWEET MISS | J7: 15394559 | K7: AGK3919 | L7: SS MIDI DRESS FP KORAL KRAH GEBER LEHER PITA WITH MATCHING BAG AGK3919:OFF WHITE:12:SOLID:SS MIDI DR | M7: 249900 | N7: =N6 -> 0.75 | O7: =M7-((75*M7)/100) -> 62475 | P7: =P6 -> PERCENTAGE
A8: =A7 -> 2024 JAN-JUN D75 | B8: =B7 -> 46114 | C8: =C7 -> 46120 | D8: 3280 | E8: 337 | F8: 4 | G8: 2 | H8: 81622 | I8: SWEET MISS | J8: 15395772 | K8: ANWN335 | L8: SS MIDI DRESS FP BUNGA LEHER KERUT TANGAN TEROMPET ANWN335:PASTEL PURPLE:4:FLORAL:SS MIDI DRESS | M8: 249900 | N8: =N7 -> 0.75 | O8: =M8-((75*M8)/100) -> 62475 | P8: =P7 -> PERCENTAGE
A9: =A8 -> 2024 JAN-JUN D75 | B9: =B8 -> 46114 | C9: =C8 -> 46120 | D9: 3280 | E9: 337 | F9: 4 | G9: 2 | H9: 81622 | I9: SWEET MISS | J9: 15395781 | K9: ANWN335 | L9: SS MIDI DRESS FP BUNGA LEHER KERUT TANGAN TEROMPET ANWN335:PASTEL PURPLE:5:FLORAL:SS MIDI DRESS | M9: 249900 | N9: =N8 -> 0.75 | O9: =M9-((75*M9)/100) -> 62475 | P9: =P8 -> PERCENTAGE
A10: =A9 -> 2024 JAN-JUN D75 | B10: =B9 -> 46114 | C10: =C9 -> 46120 | D10: 3280 | E10: 337 | F10: 4 | G10: 2 | H10: 81622 | I10: SWEET MISS | J10: 15395790 | K10: ANWN335 | L10: SS MIDI DRESS FP BUNGA LEHER KERUT TANGAN TEROMPET ANWN335:PASTEL PURPLE:6:FLORAL:SS MIDI DRESS | M10: 249900 | N10: =N9 -> 0.75 | O10: =M10-((75*M10)/100) -> 62475 | P10: =P9 -> PERCENTAGE
A11: =A10 -> 2024 JAN-JUN D75 | B11: =B10 -> 46114 | C11: =C10 -> 46120 | D11: 3280 | E11: 337 | F11: 4 | G11: 2 | H11: 81622 | I11: SWEET MISS | J11: 15395807 | K11: ANWN335 | L11: SS MIDI DRESS FP BUNGA LEHER KERUT TANGAN TEROMPET ANWN335:PASTEL PURPLE:8:FLORAL:SS MIDI DRESS | M11: 259900 | N11: =N10 -> 0.75 | O11: =M11-((75*M11)/100) -> 64975 | P11: =P10 -> PERCENTAGE
A12: =A11 -> 2024 JAN-JUN D75 | B12: =B11 -> 46114 | C12: =C11 -> 46120 | D12: 3280 | E12: 337 | F12: 4 | G12: 2 | H12: 81622 | I12: SWEET MISS | J12: 15395816 | K12: ANWN335 | L12: SS MIDI DRESS FP BUNGA LEHER KERUT TANGAN TEROMPET ANWN335:PASTEL PURPLE:10:FLORAL:SS MIDI DRESS | M12: 259900 | N12: =N11 -> 0.75 | O12: =M12-((75*M12)/100) -> 64975 | P12: =P11 -> PERCENTAGE
A13: =A12 -> 2024 JAN-JUN D75 | B13: =B12 -> 46114 | C13: =C12 -> 46120 | D13: 3280 | E13: 337 | F13: 4 | G13: 2 | H13: 81622 | I13: SWEET MISS | J13: 15395825 | K13: ANWN335 | L13: SS MIDI DRESS FP BUNGA LEHER KERUT TANGAN TEROMPET ANWN335:PASTEL PURPLE:12:FLORAL:SS MIDI DRESS | M13: 259900 | N13: =N12 -> 0.75 | O13: =M13-((75*M13)/100) -> 64975 | P13: =P12 -> PERCENTAGE
A14: =A13 -> 2024 JAN-JUN D75 | B14: =B13 -> 46114 | C14: =C13 -> 46120 | D14: 3280 | E14: 337 | F14: 4 | G14: 2 | H14: 81622 | I14: SWEET MISS | J14: 15396100 | K14: ANWN345 | L14: SS MIDI DRESS FP BUNGA FAKE 2 PCS BOLERO KOMB POLOS ANWN345:VANILLA:4:FLORAL:SS MIDI DRESS | M14: 239900 | N14: =N13 -> 0.75 | O14: =M14-((75*M14)/100) -> 59975 | P14: =P13 -> PERCENTAGE
... A331: =A330 -> 2024 JAN-JUN D75 | B331: =B330 -> 46114 | C331: =C330 -> 46120 | D331: 3280 | E331: 337 | F331: 4 | G331: 2 | H331: 81632 | I331: SWEET MISS | J331: 18630047 | K331: AN401 | L331: SS MIDI DRESS BATIK KERAMIK TGN GEMBUNG BWH GEBER AN401:PASTEL BLUE:12:PRINT:SS MIDI DRESS | M331: 259900 | N331: =N330 -> 0.75 | O331: =M331-((75*M331)/100) -> 64975 | P331: =P330 -> PERCENTAGE

Sheet 2024 JUL-OCT D75
A1: ACARA | B1: FROM DATE | C1: TO DATE | D1: DEPT | E1: WORLD | F1: DIVISION | G1: CLASS | H1: SUPPLIER | I1: BRAND | J1: SKU | K1: ARTICLE | L1: DESCRIPTION | M1: HARGA NORMAL | N1: DISKON | O1: HARGA PROMO | P1: DISCOUNT TYPE
A2: 2024 JUL-OCT D75 | B2: ='2019 ALL D95'!B2 -> 46114 | C2: ='2019 ALL D95'!C2 -> 46120 | D2: 3280 | E2: 337 | F2: 4 | G2: 1 | H2: 81698 | I2: SWEET MISS | J2: 25737366 | K2: SMAL14 | L2: SS MIDI DRESS PARTY LACE KERAH SMAL14:NAVY BLUE:4:SOLID:SS MIDI DRESS | M2: 279900 | N2: 0.75 | O2: =M2-((75*M2)/100) -> 69975 | P2: PERCENTAGE
A3: =A2 -> 2024 JUL-OCT D75 | B3: =B2 -> 46114 | C3: =C2 -> 46120 | D3: 3280 | E3: 337 | F3: 4 | G3: 1 | H3: 81698 | I3: SWEET MISS | J3: 25737375 | K3: SMAL14 | L3: SS MIDI DRESS PARTY LACE KERAH SMAL14:NAVY BLUE:5:SOLID:SS MIDI DRESS | M3: 279900 | N3: =N2 -> 0.75 | O3: =M3-((75*M3)/100) -> 69975 | P3: =P2 -> PERCENTAGE
A4: =A3 -> 2024 JUL-OCT D75 | B4: =B3 -> 46114 | C4: =C3 -> 46120 | D4: 3280 | E4: 337 | F4: 4 | G4: 1 | H4: 81698 | I4: SWEET MISS | J4: 25737384 | K4: SMAL14 | L4: SS MIDI DRESS PARTY LACE KERAH SMAL14:NAVY BLUE:6:SOLID:SS MIDI DRESS | M4: 279900 | N4: =N3 -> 0.75 | O4: =M4-((75*M4)/100) -> 69975 | P4: =P3 -> PERCENTAGE
A5: =A4 -> 2024 JUL-OCT D75 | B5: =B4 -> 46114 | C5: =C4 -> 46120 | D5: 3280 | E5: 337 | F5: 4 | G5: 1 | H5: 81698 | I5: SWEET MISS | J5: 25737393 | K5: SMAL14 | L5: SS MIDI DRESS PARTY LACE KERAH SMAL14:NAVY BLUE:8:SOLID:SS MIDI DRESS | M5: 289900 | N5: =N4 -> 0.75 | O5: =M5-((75*M5)/100) -> 72475 | P5: =P4 -> PERCENTAGE
A6: =A5 -> 2024 JUL-OCT D75 | B6: =B5 -> 46114 | C6: =C5 -> 46120 | D6: 3280 | E6: 337 | F6: 4 | G6: 1 | H6: 81698 | I6: SWEET MISS | J6: 25737400 | K6: SMAL14 | L6: SS MIDI DRESS PARTY LACE KERAH SMAL14:NAVY BLUE:10:SOLID:SS MIDI DRESS | M6: 289900 | N6: =N5 -> 0.75 | O6: =M6-((75*M6)/100) -> 72475 | P6: =P5 -> PERCENTAGE
A7: =A6 -> 2024 JUL-OCT D75 | B7: =B6 -> 46114 | C7: =C6 -> 46120 | D7: 3280 | E7: 337 | F7: 4 | G7: 1 | H7: 81698 | I7: SWEET MISS | J7: 25737419 | K7: SMAL14 | L7: SS MIDI DRESS PARTY LACE KERAH SMAL14:NAVY BLUE:12:SOLID:SS MIDI DRESS | M7: 289900 | N7: =N6 -> 0.75 | O7: =M7-((75*M7)/100) -> 72475 | P7: =P6 -> PERCENTAGE
A8: =A7 -> 2024 JUL-OCT D75 | B8: =B7 -> 46114 | C8: =C7 -> 46120 | D8: 3280 | E8: 337 | F8: 4 | G8: 1 | H8: 81698 | I8: SWEET MISS | J8: 25737428 | K8: SMAL01 | L8: SS MIDI DRESS LACE EMBRO SMAL01:TURQOUISE:4:SOLID:SS MIDI DRESS | M8: 289900 | N8: =N7 -> 0.75 | O8: =M8-((75*M8)/100) -> 72475 | P8: =P7 -> PERCENTAGE
A9: =A8 -> 2024 JUL-OCT D75 | B9: =B8 -> 46114 | C9: =C8 -> 46120 | D9: 3280 | E9: 337 | F9: 4 | G9: 1 | H9: 81698 | I9: SWEET MISS | J9: 25737437 | K9: SMAL01 | L9: SS MIDI DRESS LACE EMBRO SMAL01:TURQOUISE:5:SOLID:SS MIDI DRESS | M9: 289900 | N9: =N8 -> 0.75 | O9: =M9-((75*M9)/100) -> 72475 | P9: =P8 -> PERCENTAGE
A10: =A9 -> 2024 JUL-OCT D75 | B10: =B9 -> 46114 | C10: =C9 -> 46120 | D10: 3280 | E10: 337 | F10: 4 | G10: 1 | H10: 81698 | I10: SWEET MISS | J10: 25737446 | K10: SMAL01 | L10: SS MIDI DRESS LACE EMBRO SMAL01:TURQOUISE:6:SOLID:SS MIDI DRESS | M10: 289900 | N10: =N9 -> 0.75 | O10: =M10-((75*M10)/100) -> 72475 | P10: =P9 -> PERCENTAGE
A11: =A10 -> 2024 JUL-OCT D75 | B11: =B10 -> 46114 | C11: =C10 -> 46120 | D11: 3280 | E11: 337 | F11: 4 | G11: 1 | H11: 81698 | I11: SWEET MISS | J11: 25737455 | K11: SMAL01 | L11: SS MIDI DRESS LACE EMBRO SMAL01:TURQOUISE:8:SOLID:SS MIDI DRESS | M11: 289900 | N11: =N10 -> 0.75 | O11: =M11-((75*M11)/100) -> 72475 | P11: =P10 -> PERCENTAGE
A12: =A11 -> 2024 JUL-OCT D75 | B12: =B11 -> 46114 | C12: =C11 -> 46120 | D12: 3280 | E12: 337 | F12: 4 | G12: 1 | H12: 81698 | I12: SWEET MISS | J12: 25737464 | K12: SMAL01 | L12: SS MIDI DRESS LACE EMBRO SMAL01:TURQOUISE:10:SOLID:SS MIDI DRESS | M12: 289900 | N12: =N11 -> 0.75 | O12: =M12-((75*M12)/100) -> 72475 | P12: =P11 -> PERCENTAGE
A13: =A12 -> 2024 JUL-OCT D75 | B13: =B12 -> 46114 | C13: =C12 -> 46120 | D13: 3280 | E13: 337 | F13: 4 | G13: 1 | H13: 81698 | I13: SWEET MISS | J13: 25737473 | K13: SMAL01 | L13: SS MIDI DRESS LACE EMBRO SMAL01:TURQOUISE:12:SOLID:SS MIDI DRESS | M13: 289900 | N13: =N12 -> 0.75 | O13: =M13-((75*M13)/100) -> 72475 | P13: =P12 -> PERCENTAGE
A14: =A13 -> 2024 JUL-OCT D75 | B14: =B13 -> 46114 | C14: =C13 -> 46120 | D14: 3280 | E14: 337 | F14: 4 | G14: 1 | H14: 81698 | I14: SWEET MISS | J14: 25737544 | K14: SMAL06 | L14: SS MIDI DRESS UNICORN PATCH W BUNGA SMAL06:PASTEL PINK:4:GRAPHIC:SS MIDI DRESS | M14: 279900 | N14: =N13 -> 0.75 | O14: =M14-((75*M14)/100) -> 69975 | P14: =P13 -> PERCENTAGE
... A109: =A108 -> 2024 JUL-OCT D75 | B109: =B108 -> 46114 | C109: =C108 -> 46120 | D109: 3280 | E109: 337 | F109: 4 | G109: 2 | H109: 81306 | I109: SWEET MISS | J109: 15397065 | K109: EV2307RV114 | L109: SS MIDI DRESS KRAH BULAT FP KOTAK BORDIR PGG EV2307RV114:PASTEL GREEN:12:CHECKS:SS MIDI DRESS | M109: 249900 | N109: =N108 -> 0.75 | O109: =M109-((75*M109)/100) -> 62475 | P109: =P108 -> PERCENTAGE

Sheet 2024 NOV-DEC D75
A1: ACARA | B1: FROM DATE | C1: TO DATE | D1: DEPT | E1: WORLD | F1: DIVISION | G1: CLASS | H1: SUPPLIER | I1: BRAND | J1: SKU | K1: ARTICLE | L1: DESCRIPTION | M1: HARGA NORMAL | N1: DISKON | O1: HARGA PROMO | P1: DISCOUNT TYPE
A2: 2024 NOV-DEC D75 | B2: ='2019 ALL D95'!B2 -> 46114 | C2: ='2019 ALL D95'!C2 -> 46120 | D2: 3280 | E2: 337 | F2: 4 | G2: 1 | H2: 81698 | I2: SWEET MISS | J2: 45812755 | K2: SMAL17 | L2: SS MIDI DRESS FORMAL FP FLOWER SMAL17:WHITE:4:FLORAL:SS MIDI DRESS | M2: 279900 | N2: 0.75 | O2: =M2-((75*M2)/100) -> 69975 | P2: PERCENTAGE
A3: =A2 -> 2024 NOV-DEC D75 | B3: =B2 -> 46114 | C3: =C2 -> 46120 | D3: 3280 | E3: 337 | F3: 4 | G3: 1 | H3: 81698 | I3: SWEET MISS | J3: 45812764 | K3: SMAL17 | L3: SS MIDI DRESS FORMAL FP FLOWER SMAL17:WHITE:5:FLORAL:SS MIDI DRESS | M3: 279900 | N3: =N2 -> 0.75 | O3: =M3-((75*M3)/100) -> 69975 | P3: =P2 -> PERCENTAGE
A4: =A3 -> 2024 NOV-DEC D75 | B4: =B3 -> 46114 | C4: =C3 -> 46120 | D4: 3280 | E4: 337 | F4: 4 | G4: 1 | H4: 81698 | I4: SWEET MISS | J4: 45812773 | K4: SMAL17 | L4: SS MIDI DRESS FORMAL FP FLOWER SMAL17:WHITE:6:FLORAL:SS MIDI DRESS | M4: 279900 | N4: =N3 -> 0.75 | O4: =M4-((75*M4)/100) -> 69975 | P4: =P3 -> PERCENTAGE
A5: =A4 -> 2024 NOV-DEC D75 | B5: =B4 -> 46114 | C5: =C4 -> 46120 | D5: 3280 | E5: 337 | F5: 4 | G5: 1 | H5: 81698 | I5: SWEET MISS | J5: 45812782 | K5: SMAL17 | L5: SS MIDI DRESS FORMAL FP FLOWER SMAL17:WHITE:8:FLORAL:SS MIDI DRESS | M5: 289900 | N5: =N4 -> 0.75 | O5: =M5-((75*M5)/100) -> 72475 | P5: =P4 -> PERCENTAGE
A6: =A5 -> 2024 NOV-DEC D75 | B6: =B5 -> 46114 | C6: =C5 -> 46120 | D6: 3280 | E6: 337 | F6: 4 | G6: 1 | H6: 81698 | I6: SWEET MISS | J6: 45812791 | K6: SMAL17 | L6: SS MIDI DRESS FORMAL FP FLOWER SMAL17:WHITE:10:FLORAL:SS MIDI DRESS | M6: 289900 | N6: =N5 -> 0.75 | O6: =M6-((75*M6)/100) -> 72475 | P6: =P5 -> PERCENTAGE
A7: =A6 -> 2024 NOV-DEC D75 | B7: =B6 -> 46114 | C7: =C6 -> 46120 | D7: 3280 | E7: 337 | F7: 4 | G7: 1 | H7: 81698 | I7: SWEET MISS | J7: 45812808 | K7: SMAL17 | L7: SS MIDI DRESS FORMAL FP FLOWER SMAL17:WHITE:12:FLORAL:SS MIDI DRESS | M7: 289900 | N7: =N6 -> 0.75 | O7: =M7-((75*M7)/100) -> 72475 | P7: =P6 -> PERCENTAGE
A8: =A7 -> 2024 NOV-DEC D75 | B8: =B7 -> 46114 | C8: =C7 -> 46120 | D8: 3280 | E8: 337 | F8: 4 | G8: 1 | H8: 81698 | I8: SWEET MISS | J8: 45463267 | K8: SMAL15 | L8: SS MIDI DRESS PARTY LACE BORDIR SMAL15:PASTEL PINK:4:SOLID:SS MIDI DRESS | M8: 279900 | N8: =N7 -> 0.75 | O8: =M8-((75*M8)/100) -> 69975 | P8: =P7 -> PERCENTAGE
A9: =A8 -> 2024 NOV-DEC D75 | B9: =B8 -> 46114 | C9: =C8 -> 46120 | D9: 3280 | E9: 337 | F9: 4 | G9: 1 | H9: 81698 | I9: SWEET MISS | J9: 45463276 | K9: SMAL15 | L9: SS MIDI DRESS PARTY LACE BORDIR SMAL15:PASTEL PINK:5:SOLID:SS MIDI DRESS | M9: 279900 | N9: =N8 -> 0.75 | O9: =M9-((75*M9)/100) -> 69975 | P9: =P8 -> PERCENTAGE
A10: =A9 -> 2024 NOV-DEC D75 | B10: =B9 -> 46114 | C10: =C9 -> 46120 | D10: 3280 | E10: 337 | F10: 4 | G10: 1 | H10: 81698 | I10: SWEET MISS | J10: 45463285 | K10: SMAL15 | L10: SS MIDI DRESS PARTY LACE BORDIR SMAL15:PASTEL PINK:6:SOLID:SS MIDI DRESS | M10: 279900 | N10: =N9 -> 0.75 | O10: =M10-((75*M10)/100) -> 69975 | P10: =P9 -> PERCENTAGE
A11: =A10 -> 2024 NOV-DEC D75 | B11: =B10 -> 46114 | C11: =C10 -> 46120 | D11: 3280 | E11: 337 | F11: 4 | G11: 1 | H11: 81698 | I11: SWEET MISS | J11: 45463294 | K11: SMAL15 | L11: SS MIDI DRESS PARTY LACE BORDIR SMAL15:PASTEL PINK:8:SOLID:SS MIDI DRESS | M11: 289900 | N11: =N10 -> 0.75 | O11: =M11-((75*M11)/100) -> 72475 | P11: =P10 -> PERCENTAGE
A12: =A11 -> 2024 NOV-DEC D75 | B12: =B11 -> 46114 | C12: =C11 -> 46120 | D12: 3280 | E12: 337 | F12: 4 | G12: 1 | H12: 81698 | I12: SWEET MISS | J12: 45463301 | K12: SMAL15 | L12: SS MIDI DRESS PARTY LACE BORDIR SMAL15:PASTEL PINK:10:SOLID:SS MIDI DRESS | M12: 289900 | N12: =N11 -> 0.75 | O12: =M12-((75*M12)/100) -> 72475 | P12: =P11 -> PERCENTAGE
A13: =A12 -> 2024 NOV-DEC D75 | B13: =B12 -> 46114 | C13: =C12 -> 46120 | D13: 3280 | E13: 337 | F13: 4 | G13: 1 | H13: 81698 | I13: SWEET MISS | J13: 45463310 | K13: SMAL15 | L13: SS MIDI DRESS PARTY LACE BORDIR SMAL15:PASTEL PINK:12:SOLID:SS MIDI DRESS | M13: 289900 | N13: =N12 -> 0.75 | O13: =M13-((75*M13)/100) -> 72475 | P13: =P12 -> PERCENTAGE
A14: =A13 -> 2024 NOV-DEC D75 | B14: =B13 -> 46114 | C14: =C13 -> 46120 | D14: 3280 | E14: 337 | F14: 4 | G14: 2 | H14: 81632 | I14: SWEET MISS | J14: 45812639 | K14: SMAS01 | L14: SS MIDI DRESS BALON FP BUNGA SMAS01:PASTEL PINK:4:FLORAL:SS MIDI DRESS | M14: 239900 | N14: =N13 -> 0.75 | O14: =M14-((75*M14)/100) -> 59975 | P14: =P13 -> PERCENTAGE
... A61: =A60 -> 2024 NOV-DEC D75 | B61: =B60 -> 46114 | C61: =C60 -> 46120 | D61: 3280 | E61: 337 | F61: 4 | G61: 2 | H61: 81632 | I61: SWEET MISS | J61: 50352680 | K61: SMAS02 | L61: SS MIDI DRESS CASUAL FP BUNGA SAKURA SMAS02:ASSORTIVE COLOR:12:FLORAL:SS MIDI DRESS | M61: 249900 | N61: =N60 -> 0.75 | O61: =M61-((75*M61)/100) -> 62475 | P61: =P60 -> PERCENTAGE

Sheet 2025 H1 D80
A1: ACARA | B1: FROM DATE | C1: TO DATE | D1: DEPT | E1: WORLD | F1: DIVISION | G1: CLASS | H1: SUPPLIER | I1: BRAND | J1: SKU | K1: ARTICLE | L1: DESCRIPTION | M1: HARGA NORMAL | N1: DISKON | O1: HARGA PROMO | P1: DISCOUNT TYPE
A2: 2025 H1 D80 | B2: ='2019 ALL D95'!B2 -> 46114 | C2: ='2019 ALL D95'!C2 -> 46120 | D2: 3280 | E2: 337 | F2: 4 | G2: 1 | H2: 81698 | I2: SWEET MISS | J2: 52384811 | K2: SMAL19 | L2: LS MIDI DRESS BROKAT LEHER HALF SMAL19:PASTEL GREEN:4:TEXTURE:LS MIDI DRESS | M2: 279900 | N2: 0.8 | O2: =M2-((80*M2)/100) -> 55980 | P2: PERCENTAGE
A3: =A2 -> 2025 H1 D80 | B3: =B2 -> 46114 | C3: =C2 -> 46120 | D3: 3280 | E3: 337 | F3: 4 | G3: 1 | H3: 81698 | I3: SWEET MISS | J3: 52384820 | K3: SMAL19 | L3: LS MIDI DRESS BROKAT LEHER HALF SMAL19:PASTEL GREEN:5:TEXTURE:LS MIDI DRESS | M3: 279900 | N3: =N2 -> 0.8 | O3: =M3-((80*M3)/100) -> 55980 | P3: =P2 -> PERCENTAGE
A4: =A3 -> 2025 H1 D80 | B4: =B3 -> 46114 | C4: =C3 -> 46120 | D4: 3280 | E4: 337 | F4: 4 | G4: 1 | H4: 81698 | I4: SWEET MISS | J4: 52384839 | K4: SMAL19 | L4: LS MIDI DRESS BROKAT LEHER HALF SMAL19:PASTEL GREEN:6:TEXTURE:LS MIDI DRESS | M4: 279900 | N4: =N3 -> 0.8 | O4: =M4-((80*M4)/100) -> 55980 | P4: =P3 -> PERCENTAGE
A5: =A4 -> 2025 H1 D80 | B5: =B4 -> 46114 | C5: =C4 -> 46120 | D5: 3280 | E5: 337 | F5: 4 | G5: 1 | H5: 81698 | I5: SWEET MISS | J5: 52384848 | K5: SMAL19 | L5: LS MIDI DRESS BROKAT LEHER HALF SMAL19:PASTEL GREEN:8:TEXTURE:LS MIDI DRESS | M5: 289900 | N5: =N4 -> 0.8 | O5: =M5-((80*M5)/100) -> 57980 | P5: =P4 -> PERCENTAGE
A6: =A5 -> 2025 H1 D80 | B6: =B5 -> 46114 | C6: =C5 -> 46120 | D6: 3280 | E6: 337 | F6: 4 | G6: 1 | H6: 81698 | I6: SWEET MISS | J6: 52384857 | K6: SMAL19 | L6: LS MIDI DRESS BROKAT LEHER HALF SMAL19:PASTEL GREEN:10:TEXTURE:LS MIDI DRESS | M6: 289900 | N6: =N5 -> 0.8 | O6: =M6-((80*M6)/100) -> 57980 | P6: =P5 -> PERCENTAGE
A7: =A6 -> 2025 H1 D80 | B7: =B6 -> 46114 | C7: =C6 -> 46120 | D7: 3280 | E7: 337 | F7: 4 | G7: 1 | H7: 81698 | I7: SWEET MISS | J7: 52384866 | K7: SMAL19 | L7: LS MIDI DRESS BROKAT LEHER HALF SMAL19:PASTEL GREEN:12:TEXTURE:LS MIDI DRESS | M7: 289900 | N7: =N6 -> 0.8 | O7: =M7-((80*M7)/100) -> 57980 | P7: =P6 -> PERCENTAGE
A8: =A7 -> 2025 H1 D80 | B8: =B7 -> 46114 | C8: =C7 -> 46120 | D8: 3280 | E8: 337 | F8: 4 | G8: 1 | H8: 81698 | I8: SWEET MISS | J8: 52384759 | K8: SMAL20 | L8: LS MIDI DRESS BROKAT FLOWER LEHER KERUT SMAL20:DUSTY PINK:4:TEXTURE:LS MIDI DRESS | M8: 279900 | N8: =N7 -> 0.8 | O8: =M8-((80*M8)/100) -> 55980 | P8: =P7 -> PERCENTAGE
A9: =A8 -> 2025 H1 D80 | B9: =B8 -> 46114 | C9: =C8 -> 46120 | D9: 3280 | E9: 337 | F9: 4 | G9: 1 | H9: 81698 | I9: SWEET MISS | J9: 52384768 | K9: SMAL20 | L9: LS MIDI DRESS BROKAT FLOWER LEHER KERUT SMAL20:DUSTY PINK:5:TEXTURE:LS MIDI DRESS | M9: 279900 | N9: =N8 -> 0.8 | O9: =M9-((80*M9)/100) -> 55980 | P9: =P8 -> PERCENTAGE
A10: =A9 -> 2025 H1 D80 | B10: =B9 -> 46114 | C10: =C9 -> 46120 | D10: 3280 | E10: 337 | F10: 4 | G10: 1 | H10: 81698 | I10: SWEET MISS | J10: 52384777 | K10: SMAL20 | L10: LS MIDI DRESS BROKAT FLOWER LEHER KERUT SMAL20:DUSTY PINK:6:TEXTURE:LS MIDI DRESS | M10: 279900 | N10: =N9 -> 0.8 | O10: =M10-((80*M10)/100) -> 55980 | P10: =P9 -> PERCENTAGE
A11: =A10 -> 2025 H1 D80 | B11: =B10 -> 46114 | C11: =C10 -> 46120 | D11: 3280 | E11: 337 | F11: 4 | G11: 1 | H11: 81698 | I11: SWEET MISS | J11: 52384786 | K11: SMAL20 | L11: LS MIDI DRESS BROKAT FLOWER LEHER KERUT SMAL20:DUSTY PINK:8:TEXTURE:LS MIDI DRESS | M11: 289900 | N11: =N10 -> 0.8 | O11: =M11-((80*M11)/100) -> 57980 | P11: =P10 -> PERCENTAGE
A12: =A11 -> 2025 H1 D80 | B12: =B11 -> 46114 | C12: =C11 -> 46120 | D12: 3280 | E12: 337 | F12: 4 | G12: 1 | H12: 81698 | I12: SWEET MISS | J12: 52384795 | K12: SMAL20 | L12: LS MIDI DRESS BROKAT FLOWER LEHER KERUT SMAL20:DUSTY PINK:10:TEXTURE:LS MIDI DRESS | M12: 289900 | N12: =N11 -> 0.8 | O12: =M12-((80*M12)/100) -> 57980 | P12: =P11 -> PERCENTAGE
A13: =A12 -> 2025 H1 D80 | B13: =B12 -> 46114 | C13: =C12 -> 46120 | D13: 3280 | E13: 337 | F13: 4 | G13: 1 | H13: 81698 | I13: SWEET MISS | J13: 52384802 | K13: SMAL20 | L13: LS MIDI DRESS BROKAT FLOWER LEHER KERUT SMAL20:DUSTY PINK:12:TEXTURE:LS MIDI DRESS | M13: 289900 | N13: =N12 -> 0.8 | O13: =M13-((80*M13)/100) -> 57980 | P13: =P12 -> PERCENTAGE
A14: =A13 -> 2025 H1 D80 | B14: =B13 -> 46114 | C14: =C13 -> 46120 | D14: 3280 | E14: 337 | F14: 4 | G14: 1 | H14: 81698 | I14: SWEET MISS | J14: 50363276 | K14: SMAL13 | L14: LS MIDI DRESS BROKAT SUSUN LEHER KERUT SMAL13:PASTEL GREEN:4:TEXTURE:LS MIDI DRESS | M14: 279900 | N14: =N13 -> 0.8 | O14: =M14-((80*M14)/100) -> 55980 | P14: =P13 -> PERCENTAGE
... A66: =A65 -> 2025 H1 D80 | B66: =B65 -> 46114 | C66: =C65 -> 46120 | D66: 3280 | E66: 337 | F66: 4 | G66: 2 | H66: 81490 | I66: SWEET MISS | J66: 52384982 | K66: TSBREG02 | L66: LS MIDI DRESS COLAR LANCIP TSBREG02:ASSORTIVE COLOR:12:PRINT:LS MIDI DRESS | M66: 259900 | N66: =N65 -> 0.8 | O66: =M66-((80*M66)/100) -> 51980 | P66: =P65 -> PERCENTAGE

Sheet BAMUS 2025 D80
A1: ACARA | B1: FROM DATE | C1: TO DATE | D1: DEPT | E1: WORLD | F1: DIVISION | G1: CLASS | H1: SUPPLIER | I1: BRAND | J1: SKU | K1: ARTICLE | L1: DESCRIPTION | M1: HARGA NORMAL | N1: DISKON | O1: HARGA PROMO | P1: DISCOUNT TYPE
A2: BAMUS 2025 D80 | B2: ='2019 ALL D95'!B2 -> 46114 | C2: ='2019 ALL D95'!C2 -> 46120 | D2: 3280 | E2: 337 | F2: 4 | G2: 3 | H2: 81698 | I2: SWEET MISS | J2: 50362900 | K2: SMAL07 | L2: LS MAXI DRESS LEB PARTY SEQUIN BUNGA SMAL07:OFF WHITE:4:TEXTURE:LS MAXI DRESS | M2: 349900 | N2: 0.8 | O2: =M2-((80*M2)/100) -> 69980 | P2: PERCENTAGE
A3: =A2 -> BAMUS 2025 D80 | B3: =B2 -> 46114 | C3: =C2 -> 46120 | D3: 3280 | E3: 337 | F3: 4 | G3: 3 | H3: 81698 | I3: SWEET MISS | J3: 50362919 | K3: SMAL07 | L3: LS MAXI DRESS LEB PARTY SEQUIN BUNGA SMAL07:OFF WHITE:6:TEXTURE:LS MAXI DRESS | M3: 349900 | N3: =N2 -> 0.8 | O3: =M3-((80*M3)/100) -> 69980 | P3: =P2 -> PERCENTAGE
A4: =A3 -> BAMUS 2025 D80 | B4: =B3 -> 46114 | C4: =C3 -> 46120 | D4: 3280 | E4: 337 | F4: 4 | G4: 3 | H4: 81698 | I4: SWEET MISS | J4: 50362928 | K4: SMAL07 | L4: LS MAXI DRESS LEB PARTY SEQUIN BUNGA SMAL07:OFF WHITE:8:TEXTURE:LS MAXI DRESS | M4: 349900 | N4: =N3 -> 0.8 | O4: =M4-((80*M4)/100) -> 69980 | P4: =P3 -> PERCENTAGE
A5: =A4 -> BAMUS 2025 D80 | B5: =B4 -> 46114 | C5: =C4 -> 46120 | D5: 3280 | E5: 337 | F5: 4 | G5: 3 | H5: 81698 | I5: SWEET MISS | J5: 50362937 | K5: SMAL07 | L5: LS MAXI DRESS LEB PARTY SEQUIN BUNGA SMAL07:OFF WHITE:10:TEXTURE:LS MAXI DRESS | M5: 359900 | N5: =N4 -> 0.8 | O5: =M5-((80*M5)/100) -> 71980 | P5: =P4 -> PERCENTAGE
A6: =A5 -> BAMUS 2025 D80 | B6: =B5 -> 46114 | C6: =C5 -> 46120 | D6: 3280 | E6: 337 | F6: 4 | G6: 3 | H6: 81698 | I6: SWEET MISS | J6: 50362946 | K6: SMAL07 | L6: LS MAXI DRESS LEB PARTY SEQUIN BUNGA SMAL07:OFF WHITE:12:TEXTURE:LS MAXI DRESS | M6: 359900 | N6: =N5 -> 0.8 | O6: =M6-((80*M6)/100) -> 71980 | P6: =P5 -> PERCENTAGE
A7: =A6 -> BAMUS 2025 D80 | B7: =B6 -> 46114 | C7: =C6 -> 46120 | D7: 3280 | E7: 337 | F7: 4 | G7: 3 | H7: 81698 | I7: SWEET MISS | J7: 50362955 | K7: SMAL07 | L7: LS MAXI DRESS LEB PARTY SEQUIN BUNGA SMAL07:OFF WHITE:14:TEXTURE:LS MAXI DRESS | M7: 359900 | N7: =N6 -> 0.8 | O7: =M7-((80*M7)/100) -> 71980 | P7: =P6 -> PERCENTAGE
A8: =A7 -> BAMUS 2025 D80 | B8: =B7 -> 46114 | C8: =C7 -> 46120 | D8: 3280 | E8: 337 | F8: 4 | G8: 3 | H8: 81698 | I8: SWEET MISS | J8: 50363034 | K8: SMAL09 | L8: LS MAXI DRESS LEB PARTY PITA SMAL09:PASTEL PINK:4:TEXTURE:LS MAXI DRESS | M8: 349900 | N8: =N7 -> 0.8 | O8: =M8-((80*M8)/100) -> 69980 | P8: =P7 -> PERCENTAGE
A9: =A8 -> BAMUS 2025 D80 | B9: =B8 -> 46114 | C9: =C8 -> 46120 | D9: 3280 | E9: 337 | F9: 4 | G9: 3 | H9: 81698 | I9: SWEET MISS | J9: 50363043 | K9: SMAL09 | L9: LS MAXI DRESS LEB PARTY PITA SMAL09:PASTEL PINK:6:TEXTURE:LS MAXI DRESS | M9: 349900 | N9: =N8 -> 0.8 | O9: =M9-((80*M9)/100) -> 69980 | P9: =P8 -> PERCENTAGE
A10: =A9 -> BAMUS 2025 D80 | B10: =B9 -> 46114 | C10: =C9 -> 46120 | D10: 3280 | E10: 337 | F10: 4 | G10: 3 | H10: 81698 | I10: SWEET MISS | J10: 50363052 | K10: SMAL09 | L10: LS MAXI DRESS LEB PARTY PITA SMAL09:PASTEL PINK:8:TEXTURE:LS MAXI DRESS | M10: 349900 | N10: =N9 -> 0.8 | O10: =M10-((80*M10)/100) -> 69980 | P10: =P9 -> PERCENTAGE
A11: =A10 -> BAMUS 2025 D80 | B11: =B10 -> 46114 | C11: =C10 -> 46120 | D11: 3280 | E11: 337 | F11: 4 | G11: 3 | H11: 81698 | I11: SWEET MISS | J11: 50363061 | K11: SMAL09 | L11: LS MAXI DRESS LEB PARTY PITA SMAL09:PASTEL PINK:10:TEXTURE:LS MAXI DRESS | M11: 359900 | N11: =N10 -> 0.8 | O11: =M11-((80*M11)/100) -> 71980 | P11: =P10 -> PERCENTAGE
A12: =A11 -> BAMUS 2025 D80 | B12: =B11 -> 46114 | C12: =C11 -> 46120 | D12: 3280 | E12: 337 | F12: 4 | G12: 3 | H12: 81698 | I12: SWEET MISS | J12: 50363070 | K12: SMAL09 | L12: LS MAXI DRESS LEB PARTY PITA SMAL09:PASTEL PINK:12:TEXTURE:LS MAXI DRESS | M12: 359900 | N12: =N11 -> 0.8 | O12: =M12-((80*M12)/100) -> 71980 | P12: =P11 -> PERCENTAGE
A13: =A12 -> BAMUS 2025 D80 | B13: =B12 -> 46114 | C13: =C12 -> 46120 | D13: 3280 | E13: 337 | F13: 4 | G13: 3 | H13: 81698 | I13: SWEET MISS | J13: 50363089 | K13: SMAL09 | L13: LS MAXI DRESS LEB PARTY PITA SMAL09:PASTEL PINK:14:TEXTURE:LS MAXI DRESS | M13: 359900 | N13: =N12 -> 0.8 | O13: =M13-((80*M13)/100) -> 71980 | P13: =P12 -> PERCENTAGE
A14: =A13 -> BAMUS 2025 D80 | B14: =B13 -> 46114 | C14: =C13 -> 46120 | D14: 3280 | E14: 337 | F14: 4 | G14: 3 | H14: 81698 | I14: SWEET MISS | J14: 50363150 | K14: SMAL11 | L14: LS MAXI DRESS LEB PARTY KOMBINASI BUNGA SMAL11:OFF WHITE:4:GRAPHIC:LS MAXI DRESS | M14: 349900 | N14: =N13 -> 0.8 | O14: =M14-((80*M14)/100) -> 69980 | P14: =P13 -> PERCENTAGE
... A163: =A162 -> BAMUS 2025 D80 | B163: =B162 -> 46114 | C163: =C162 -> 46120 | D163: 3280 | E163: 337 | F163: 4 | G163: 3 | H163: 81005 | I163: SWEET MISS | J163: 52384740 | K163: TP06 | L163: LS MIDI DRESS BROKAT LEHER HALF TP06:ASSORTIVE COLOR:14:PRINT:LS MIDI DRESS | M163: 299900 | N163: =N162 -> 0.8 | O163: =M163-((80*M163)/100) -> 59980 | P163: =P162 -> PERCENTAGE
